State,County,GroceryStores,SupercentersClubStores,ConvenienceStores,SpecializedFoodStores,FastFoodRestaurants,FullServiceRestaurants
AL,Autauga,6,1,29,2,30,34
AL,Baldwin,24,6,119,21,112,202
AL,Barbour,5,0,14,2,21,12
AL,Bibb,6,1,19,0,7,6
AL,Blount,6,1,31,2,24,19
AL,Bullock,2,0,2,1,4,2
AL,Butler,3,1,24,1,17,19
AL,Calhoun,25,3,88,2,95,67
AL,Chambers,7,1,22,1,22,19
AL,Cherokee,4,1,14,1,16,10
AL,Chilton,7,1,37,4,23,17
AL,Choctaw,4,0,16,1,4,7
AL,Clarke,6,2,18,2,23,13
AL,Clay,3,0,8,1,4,7
AL,Cleburne,3,0,11,0,7,4
AL,Coffee,7,1,30,0,35,31
AL,Colbert,9,1,43,3,41,40
AL,Conecuh,3,0,16,1,5,4
AL,Coosa,0,0,9,0,0,0
AL,Covington,10,1,27,2,25,24
AL,Crenshaw,4,0,12,0,3,9
AL,Cullman,10,1,54,6,50,44
AL,Dale,7,1,33,1,33,31
AL,Dallas,9,1,39,0,20,16
AL,DeKalb,12,1,46,1,41,35
AL,Elmore,10,2,57,0,29,34
AL,Escambia,8,0,33,2,22,20
AL,Etowah,19,2,63,1,82,54
AL,Fayette,5,1,7,0,12,5
AL,Franklin,6,1,23,1,22,17
AL,Geneva,11,0,15,0,10,8
AL,Greene,5,0,8,0,1,3
AL,Hale,4,0,13,0,5,5
AL,Henry,4,0,13,2,10,9
AL,Houston,14,3,63,9,83,75
AL,Jackson,15,1,34,2,30,29
AL,Jefferson,108,17,433,48,578,368
AL,Lamar,4,0,8,0,7,10
AL,Lauderdale,15,2,57,2,61,61
AL,Lawrence,7,1,18,1,25,15
AL,Lee,13,3,74,1,108,94
AL,Limestone,12,1,58,2,45,35
AL,Lowndes,2,0,10,0,2,0
AL,Macon,5,0,14,0,10,5
AL,Madison,35,10,211,13,300,222
AL,Marengo,4,1,22,0,16,12
AL,Marion,5,2,18,1,26,20
AL,Marshall,19,3,65,5,70,70
AL,Mobile,60,8,260,28,253,212
AL,Monroe,7,0,15,0,10,8
AL,Montgomery,33,6,131,17,169,139
AL,Morgan,22,2,91,7,100,57
AL,Perry,5,0,8,0,2,5
AL,Pickens,4,0,11,0,6,6
AL,Pike,9,1,17,0,30,20
AL,Randolph,4,1,17,1,11,17
AL,Russell,8,1,37,1,44,25
AL,St. Clair,11,2,52,0,48,48
AL,Shelby,26,6,100,5,128,133
AL,Sumter,3,0,19,1,7,5
AL,Talladega,7,2,78,1,49,45
AL,Tallapoosa,5,1,39,0,24,22
AL,Tuscaloosa,27,4,108,5,158,104
AL,Walker,12,2,51,1,45,39
AL,Washington,3,0,10,1,4,6
AL,Wilcox,10,0,7,0,6,6
AL,Winston,8,0,22,0,12,19
AK,Aleutians East,4,0,0,0,1,0
AK,Aleutians West,3,0,1,1,2,3
AK,Anchorage,37,9,61,20,207,208
AK,Bethel,25,0,5,0,5,4
AK,Bristol Bay,3,0,0,0,0,2
AK,Denali,0,0,4,0,1,7
AK,Dillingham,5,0,2,0,0,3
AK,Fairbanks North Star,8,3,25,6,43,59
AK,Haines,3,0,0,0,1,6
AK,Hoonah-Angoon,0,0,0,0,0,0
AK,Juneau,7,3,4,1,22,32
AK,Kenai Peninsula,21,1,21,9,36,69
AK,Ketchikan Gateway,3,0,5,2,7,13
AK,Kodiak Island,4,0,1,2,6,9
AK,Lake and Peninsula,1,0,0,0,0,0
AK,Matanuska-Susitna,13,3,22,4,36,45
AK,Nome,15,0,1,0,4,5
AK,North Slope,10,0,2,0,4,5
AK,Northwest Arctic,6,0,2,0,1,0
AK,Petersburg,0,0,0,0,0,0
AK,Prince of Wales-Hyder,0,0,0,0,0,0
AK,Sitka,4,0,2,1,4,10
AK,Skagway,0,0,0,0,0,0
AK,Southeast Fairbanks,4,0,6,0,6,8
AK,Valdez-Cordova,8,0,7,2,9,10
AK,Wade Hampton,17,0,1,0,0,0
AK,Wrangell,0,0,0,0,0,0
AK,Yakutat,2,0,0,0,1,0
AK,Yukon-Koyukuk,12,0,5,0,0,2
AZ,Apache,10,0,35,0,15,19
AZ,Cochise,17,2,60,6,52,100
AZ,Coconino,19,2,82,10,112,160
AZ,Gila,9,1,28,2,33,49
AZ,Graham,7,1,17,1,16,17
AZ,Greenlee,1,0,7,1,3,6
AZ,La Paz,11,1,22,2,15,24
AZ,Maricopa,512,83,999,229,2674,2191
AZ,Mohave,19,3,90,5,109,123
AZ,Navajo,18,2,55,1,55,77
AZ,Pima,128,12,282,54,590,607
AZ,Pinal,33,7,74,14,122,98
AZ,Santa Cruz,9,1,18,6,31,41
AZ,Yavapai,34,5,81,10,141,204
AZ,Yuma,34,5,64,9,103,83
AR,Arkansas,5,1,10,0,18,12
AR,Ashley,8,1,14,0,13,9
AR,Baxter,7,1,27,2,31,44
AR,Benton,30,7,79,9,137,132
AR,Boone,4,1,18,2,25,23
AR,Bradley,3,0,7,0,4,5
AR,Calhoun,2,0,2,2,2,2
AR,Carroll,5,1,15,5,19,50
AR,Chicot,5,0,11,0,6,8
AR,Clark,5,1,10,0,20,11
AR,Clay,3,0,6,0,11,9
AR,Cleburne,9,1,15,3,17,24
AR,Cleveland,2,0,5,0,2,0
AR,Columbia,4,1,17,2,15,9
AR,Conway,4,1,16,1,9,13
AR,Craighead,19,3,28,3,79,65
AR,Crawford,8,2,27,2,28,36
AR,Crittenden,11,1,23,2,35,19
AR,Cross,4,1,5,0,9,12
AR,Dallas,2,0,7,0,4,4
AR,Desha,6,0,10,0,10,16
AR,Drew,2,1,11,0,15,11
AR,Faulkner,11,2,43,1,62,71
AR,Franklin,2,0,8,1,6,10
AR,Fulton,1,0,5,0,7,6
AR,Garland,18,4,49,7,75,98
AR,Grant,3,1,8,0,9,8
AR,Greene,4,1,17,1,27,24
AR,Hempstead,8,1,15,2,12,11
AR,Hot Spring,7,1,18,1,17,8
AR,Howard,5,1,11,0,8,5
AR,Independence,5,1,12,1,22,22
AR,Izard,4,0,7,0,3,6
AR,Jackson,4,0,8,1,5,10
AR,Jefferson,15,1,36,8,62,31
AR,Johnson,1,1,13,0,17,10
AR,Lafayette,3,0,7,2,2,3
AR,Lawrence,5,0,10,3,4,9
AR,Lee,1,0,1,0,3,2
AR,Lincoln,1,0,6,0,2,10
AR,Little River,3,1,7,0,3,7
AR,Logan,3,0,14,0,12,13
AR,Lonoke,11,1,28,2,38,37
AR,Madison,3,0,12,1,2,9
AR,Marion,4,1,6,0,6,12
AR,Miller,11,1,26,1,24,21
AR,Mississippi,15,1,26,1,32,25
AR,Monroe,5,0,7,0,6,5
AR,Montgomery,3,0,8,0,3,6
AR,Nevada,1,0,9,0,3,2
AR,Newton,3,0,1,1,1,7
AR,Ouachita,6,0,12,0,14,13
AR,Perry,1,0,6,0,1,1
AR,Phillips,9,1,9,2,12,8
AR,Pike,5,0,6,0,3,5
AR,Poinsett,6,1,15,0,16,12
AR,Polk,6,1,13,0,12,18
AR,Pope,7,1,33,2,55,36
AR,Prairie,3,0,9,1,5,6
AR,Pulaski,72,7,188,19,330,310
AR,Randolph,6,1,9,1,11,11
AR,St. Francis,6,1,19,0,12,15
AR,Saline,15,2,34,1,47,38
AR,Scott,2,0,5,0,2,10
AR,Searcy,2,0,4,0,4,3
AR,Sebastian,19,4,60,14,103,88
AR,Sevier,4,1,12,0,8,5
AR,Sharp,3,1,8,0,10,17
AR,Stone,2,1,6,1,8,9
AR,Union,10,1,42,5,24,24
AR,Van Buren,3,1,14,0,5,9
AR,Washington,26,5,72,7,155,191
AR,White,15,1,37,0,49,44
AR,Woodruff,2,0,3,0,3,2
AR,Yell,4,1,9,0,10,15
CA,Alameda,359,5,300,169,1072,1303
CA,Alpine,0,0,0,0,2,0
CA,Amador,13,0,20,2,17,41
CA,Butte,51,1,59,18,150,122
CA,Calaveras,10,0,23,4,24,42
CA,Colusa,11,0,14,3,12,13
CA,Contra Costa,192,5,198,69,608,667
CA,Del Norte,8,0,8,1,16,19
CA,El Dorado,33,0,54,15,110,162
CA,Fresno,213,5,287,77,563,486
CA,Glenn,5,0,16,4,15,17
CA,Humboldt,43,1,54,15,85,135
CA,Imperial,41,4,60,2,83,93
CA,Inyo,4,0,15,2,14,26
CA,Kern,187,3,249,54,524,381
CA,Kings,30,1,43,4,78,49
CA,Lake,24,0,25,2,29,38
CA,Lassen,10,0,15,3,12,17
CA,Los Angeles,2027,39,1755,928,7118,7025
CA,Madera,36,0,43,13,65,54
CA,Marin,64,1,45,25,164,289
CA,Mariposa,9,0,11,1,8,12
CA,Mendocino,52,0,41,8,57,115
CA,Merced,57,1,74,14,125,84
CA,Modoc,5,0,4,0,4,5
CA,Mono,6,0,10,1,16,40
CA,Monterey,107,2,111,56,231,366
CA,Napa,35,1,39,17,75,135
CA,Nevada,26,0,27,14,54,94
CA,Orange,527,18,586,224,2526,2407
CA,Placer,58,3,99,25,285,280
CA,Plumas,9,0,11,3,14,34
CA,Riverside,344,18,407,128,1296,1078
CA,Sacramento,249,13,347,86,969,886
CA,San Benito,12,0,8,2,28,29
CA,San Bernardino,327,11,414,105,1342,907
CA,San Diego,622,15,662,235,2332,2216
CA,San Francisco,320,1,103,187,761,1676
CA,San Joaquin,158,4,162,63,400,325
CA,San Luis Obispo,67,1,86,32,219,309
CA,San Mateo,167,4,144,67,501,703
CA,Santa Barbara,117,2,87,35,302,361
CA,Santa Clara,342,9,348,142,1282,1458
CA,Santa Cruz,70,1,59,26,167,236
CA,Shasta,38,2,73,17,131,122
CA,Sierra,2,0,3,0,1,2
CA,Siskiyou,20,0,33,5,34,55
CA,Solano,75,5,115,30,281,227
CA,Sonoma,123,2,135,58,279,465
CA,Stanislaus,128,3,146,35,314,266
CA,Sutter,25,2,38,4,54,58
CA,Tehama,12,0,24,5,34,37
CA,Trinity,7,0,12,0,15,10
CA,Tulare,110,3,128,29,202,205
CA,Tuolumne,13,1,25,4,29,62
CA,Ventura,160,3,176,65,545,572
CA,Yolo,42,2,51,9,138,122
CA,Yuba,11,1,17,7,30,24
CO,Adams,49,11,114,28,270,214
CO,Alamosa,4,1,7,1,14,19
CO,Arapahoe,77,12,151,43,432,393
CO,Archuleta,4,0,7,2,11,22
CO,Baca,2,0,3,0,2,3
CO,Bent,2,0,3,0,2,3
CO,Boulder,49,6,79,25,240,307
CO,Broomfield,6,1,15,4,59,43
CO,Chaffee,7,1,19,2,25,38
CO,Cheyenne,2,0,2,0,0,3
CO,Clear Creek,2,0,8,1,9,22
CO,Conejos,4,0,2,0,1,4
CO,Costilla,2,0,4,0,0,4
CO,Crowley,1,0,1,0,0,3
CO,Custer,1,0,1,1,2,10
CO,Delta,9,1,13,2,11,34
CO,Denver,107,7,205,45,501,653
CO,Dolores,1,0,1,0,0,0
CO,Douglas,23,7,53,22,178,174
CO,Eagle,14,2,18,5,44,120
CO,Elbert,1,1,4,0,3,10
CO,El Paso,53,13,182,45,408,385
CO,Fremont,6,1,17,4,16,38
CO,Garfield,8,1,28,4,44,78
CO,Gilpin,2,0,1,0,0,2
CO,Grand,7,0,11,2,14,59
CO,Gunnison,6,0,6,1,13,47
CO,Hinsdale,1,0,2,0,1,7
CO,Huerfano,3,0,7,0,2,10
CO,Jackson,1,0,2,0,0,3
CO,Jefferson,53,13,155,45,384,394
CO,Kiowa,2,0,1,0,0,1
CO,Kit Carson,5,0,6,0,6,5
CO,Lake,2,0,6,0,8,11
CO,La Plata,14,1,25,7,35,74
CO,Larimer,31,6,94,19,244,251
CO,Las Animas,4,1,8,0,12,16
CO,Lincoln,2,0,5,0,2,8
CO,Logan,4,1,4,1,14,13
CO,Mesa,16,3,52,14,99,99
CO,Mineral,1,0,0,1,0,6
CO,Moffat,2,1,8,0,6,14
CO,Montezuma,4,1,14,0,13,28
CO,Montrose,7,1,15,3,20,34
CO,Morgan,5,1,7,2,13,17
CO,Otero,4,1,13,1,12,22
CO,Ouray,4,0,2,1,6,25
CO,Park,4,0,6,0,8,10
CO,Phillips,2,0,4,1,2,4
CO,Pitkin,4,0,7,4,23,66
CO,Prowers,4,1,10,0,11,6
CO,Pueblo,16,4,67,8,111,122
CO,Rio Blanco,1,0,7,1,4,8
CO,Rio Grande,6,0,6,2,6,14
CO,Routt,9,0,13,3,24,57
CO,Saguache,2,0,4,0,1,5
CO,San Juan,0,0,2,0,4,9
CO,San Miguel,6,0,1,0,14,29
CO,Sedgwick,1,0,0,0,1,4
CO,Summit,9,0,14,4,42,102
CO,Teller,4,1,12,2,14,22
CO,Washington,1,0,2,0,1,1
CO,Weld,29,4,72,6,131,143
CO,Yuma,5,0,4,0,4,16
CT,Fairfield,197,4,226,101,525,900
CT,Hartford,200,5,308,57,519,802
CT,Litchfield,39,1,68,15,68,210
CT,Middlesex,34,0,49,16,96,184
CT,New Haven,191,9,277,66,548,755
CT,New London,50,3,126,23,151,284
CT,Tolland,21,0,51,2,56,93
CT,Windham,18,2,52,3,58,82
DE,Kent,17,2,65,13,82,84
DE,New Castle,77,4,176,52,370,350
DE,Sussex,48,4,90,28,142,256
DC,District of Columbia,181,0,160,44,732,678
FL,Alachua,42,2,136,12,170,183
FL,Baker,6,1,18,0,13,11
FL,Bay,31,3,108,18,125,167
FL,Bradford,6,1,21,2,16,10
FL,Brevard,70,12,246,44,341,429
FL,Broward,366,23,678,128,1198,1329
FL,Calhoun,1,0,3,0,8,9
FL,Charlotte,23,4,54,11,73,103
FL,Citrus,18,1,69,10,51,91
FL,Clay,28,4,74,9,114,97
FL,Collier,59,6,105,24,162,358
FL,Columbia,5,1,53,4,38,33
FL,DeSoto,5,1,18,1,12,9
FL,Dixie,4,0,7,0,5,1
FL,Duval,199,19,397,70,708,612
FL,Escambia,46,6,156,23,176,173
FL,Flagler,14,1,26,3,33,67
FL,Franklin,5,0,10,0,7,23
FL,Gadsden,7,1,32,1,18,14
FL,Gilchrist,4,0,8,0,3,3
FL,Glades,1,0,4,0,3,2
FL,Gulf,3,0,9,1,11,6
FL,Hamilton,5,0,15,0,8,6
FL,Hardee,11,1,18,3,8,10
FL,Hendry,10,1,30,1,16,17
FL,Hernando,27,4,52,4,71,92
FL,Highlands,18,2,42,4,45,48
FL,Hillsborough,279,17,510,101,735,763
FL,Holmes,4,0,13,0,3,8
FL,Indian River,24,3,55,18,76,101
FL,Jackson,11,1,32,3,29,27
FL,Jefferson,2,0,18,2,8,4
FL,Lafayette,1,0,5,0,2,2
FL,Lake,50,7,154,13,138,205
FL,Lee,119,13,209,47,303,531
FL,Leon,41,7,117,18,220,206
FL,Levy,10,1,28,1,18,24
FL,Liberty,1,0,8,0,1,1
FL,Madison,3,0,14,0,6,9
FL,Manatee,60,7,120,14,159,214
FL,Marion,53,6,178,16,153,167
FL,Martin,30,2,62,16,96,160
FL,Miami-Dade,576,17,750,235,1430,1691
FL,Monroe,26,0,52,14,71,186
FL,Nassau,10,1,38,6,47,54
FL,Okaloosa,28,4,81,12,142,181
FL,Okeechobee,12,1,32,0,19,25
FL,Orange,230,19,505,89,854,931
FL,Osceola,58,8,104,20,160,192
FL,Palm Beach,255,17,433,119,796,1130
FL,Pasco,71,8,175,27,164,222
FL,Pinellas,186,7,411,78,562,813
FL,Polk,113,9,294,20,231,268
FL,Putnam,12,1,53,6,30,31
FL,St. Johns,31,1,69,29,111,189
FL,St. Lucie,38,6,94,13,124,154
FL,Santa Rosa,15,3,58,5,75,67
FL,Sarasota,75,4,126,30,197,351
FL,Seminole,71,8,173,36,282,311
FL,Sumter,15,2,36,4,24,41
FL,Suwannee,7,1,32,4,15,20
FL,Taylor,2,1,27,1,8,11
FL,Union,0,0,8,1,2,2
FL,Volusia,74,8,251,29,274,374
FL,Wakulla,3,1,10,1,11,16
FL,Walton,9,1,40,7,33,79
FL,Washington,2,1,15,2,13,12
GA,Appling,2,1,12,0,14,14
GA,Atkinson,4,0,6,2,4,5
GA,Bacon,3,0,10,0,9,3
GA,Baker,1,0,1,0,0,0
GA,Baldwin,10,1,35,0,30,29
GA,Banks,1,1,9,0,15,13
GA,Barrow,12,1,42,2,33,27
GA,Bartow,13,1,69,2,59,67
GA,Ben Hill,2,1,23,2,17,8
GA,Berrien,4,0,19,0,9,10
GA,Bibb,36,4,142,7,156,121
GA,Bleckley,3,0,8,0,5,6
GA,Brantley,3,0,12,0,5,3
GA,Brooks,3,0,12,3,5,5
GA,Bryan,5,0,30,0,21,23
GA,Bulloch,7,1,58,1,48,55
GA,Burke,3,1,18,0,6,10
GA,Butts,3,0,18,0,11,11
GA,Calhoun,1,0,7,0,1,4
GA,Camden,6,1,31,2,38,38
GA,Candler,3,0,14,2,10,8
GA,Carroll,23,2,76,4,90,75
GA,Catoosa,8,1,34,2,43,30
GA,Charlton,3,0,11,0,11,3
GA,Chatham,48,5,148,24,227,313
GA,Chattahoochee,1,0,1,2,1,2
GA,Chattooga,5,1,19,0,12,9
GA,Cherokee,37,5,73,9,111,146
GA,Clarke,24,2,66,3,107,111
GA,Clay,2,0,2,0,1,0
GA,Clayton,40,6,152,16,165,107
GA,Clinch,2,0,5,0,5,4
GA,Cobb,100,12,257,26,515,542
GA,Coffee,8,1,40,3,22,17
GA,Colquitt,14,1,30,4,27,14
GA,Columbia,19,2,34,3,61,72
GA,Cook,8,0,15,0,13,11
GA,Coweta,18,2,51,3,61,70
GA,Crawford,2,0,4,0,3,2
GA,Crisp,9,1,26,1,14,14
GA,Dade,4,0,19,0,8,9
GA,Dawson,4,1,13,1,19,21
GA,Decatur,7,1,35,2,18,14
GA,DeKalb,136,9,290,31,537,504
GA,Dodge,9,1,15,1,12,9
GA,Dooly,1,0,14,0,7,4
GA,Dougherty,23,2,73,11,91,68
GA,Douglas,16,3,66,1,80,81
GA,Early,5,0,11,2,8,11
GA,Echols,0,0,1,0,0,0
GA,Effingham,5,1,26,2,23,24
GA,Elbert,6,0,14,0,14,9
GA,Emanuel,6,1,23,0,12,13
GA,Evans,1,0,16,1,6,6
GA,Fannin,9,0,11,2,20,18
GA,Fayette,16,2,42,2,69,105
GA,Floyd,14,4,72,3,70,69
GA,Forsyth,32,5,57,9,105,112
GA,Franklin,5,0,13,0,13,22
GA,Fulton,175,11,350,62,952,1085
GA,Gilmer,4,1,16,1,24,25
GA,Glascock,1,0,3,0,0,1
GA,Glynn,19,1,56,3,79,104
GA,Gordon,13,1,39,3,37,25
GA,Grady,3,1,17,2,11,7
GA,Greene,4,0,13,2,12,14
GA,Gwinnett,144,18,339,51,640,652
GA,Habersham,7,0,33,1,28,30
GA,Hall,34,3,108,9,99,104
GA,Hancock,1,0,9,0,5,1
GA,Haralson,7,1,24,1,14,14
GA,Harris,7,0,19,0,7,13
GA,Hart,4,1,15,0,13,15
GA,Heard,3,0,7,0,4,1
GA,Henry,25,6,100,1,146,117
GA,Houston,21,3,78,2,103,72
GA,Irwin,1,0,6,0,0,3
GA,Jackson,10,0,34,0,27,32
GA,Jasper,2,0,8,0,4,4
GA,Jeff Davis,6,1,10,0,6,9
GA,Jefferson,7,0,16,0,9,9
GA,Jenkins,1,0,6,0,5,3
GA,Johnson,1,0,3,1,4,1
GA,Jones,1,0,10,0,6,7
GA,Lamar,3,0,11,1,9,15
GA,Lanier,1,0,4,1,6,5
GA,Laurens,12,1,41,5,42,30
GA,Lee,3,0,17,0,8,6
GA,Liberty,7,1,50,4,43,34
GA,Lincoln,1,0,6,0,3,5
GA,Long,2,0,7,0,2,2
GA,Lowndes,12,3,85,11,102,85
GA,Lumpkin,2,1,16,1,16,19
GA,McDuffie,4,1,14,2,13,15
GA,McIntosh,2,0,11,2,8,16
GA,Macon,7,0,9,1,7,3
GA,Madison,4,0,21,0,14,6
GA,Marion,3,0,5,0,3,4
GA,Meriwether,5,0,20,0,8,16
GA,Miller,4,0,2,1,2,5
GA,Mitchell,8,0,21,0,11,14
GA,Monroe,5,0,26,0,11,16
GA,Montgomery,1,0,8,0,5,1
GA,Morgan,4,1,12,1,12,21
GA,Murray,8,0,26,0,26,10
GA,Muscogee,33,4,98,9,167,125
GA,Newton,19,1,45,0,47,37
GA,Oconee,4,1,14,2,25,22
GA,Oglethorpe,1,0,8,0,5,1
GA,Paulding,13,4,45,1,61,53
GA,Peach,4,0,28,1,14,15
GA,Pickens,6,0,16,1,15,30
GA,Pierce,4,0,16,0,10,6
GA,Pike,3,0,9,0,6,6
GA,Polk,8,2,42,1,32,29
GA,Pulaski,2,0,12,1,9,7
GA,Putnam,2,1,21,1,9,19
GA,Quitman,0,0,5,0,0,0
GA,Rabun,5,1,15,1,15,24
GA,Randolph,1,0,5,0,6,6
GA,Richmond,37,2,116,12,146,135
GA,Rockdale,18,2,46,2,79,81
GA,Schley,1,0,2,0,3,1
GA,Screven,3,0,13,0,8,10
GA,Seminole,3,0,8,0,5,4
GA,Spalding,14,1,47,0,38,41
GA,Stephens,3,1,20,1,15,22
GA,Stewart,0,0,7,0,2,3
GA,Sumter,7,1,26,3,17,24
GA,Talbot,2,0,4,0,1,1
GA,Taliaferro,0,0,3,0,1,0
GA,Tattnall,6,0,27,1,7,5
GA,Taylor,3,0,6,0,5,2
GA,Telfair,3,0,11,1,8,5
GA,Terrell,4,0,9,1,4,3
GA,Thomas,11,1,40,3,35,27
GA,Tift,7,1,52,1,42,30
GA,Toombs,8,1,29,1,27,21
GA,Towns,2,0,11,1,6,22
GA,Treutlen,1,0,11,0,3,0
GA,Troup,16,1,59,1,55,51
GA,Turner,2,0,17,0,6,6
GA,Twiggs,1,0,10,0,1,2
GA,Union,5,1,17,2,14,17
GA,Upson,8,1,16,1,18,19
GA,Walker,9,1,43,1,25,24
GA,Walton,8,2,49,2,45,38
GA,Ware,7,1,42,0,28,30
GA,Warren,1,0,6,0,1,3
GA,Washington,4,1,18,1,11,11
GA,Wayne,4,1,24,3,26,20
GA,Webster,1,0,0,0,0,0
GA,Wheeler,3,0,5,0,1,2
GA,White,5,1,15,3,16,31
GA,Whitfield,30,2,65,3,82,53
GA,Wilcox,1,0,10,0,1,1
GA,Wilkes,4,0,7,0,6,5
GA,Wilkinson,3,0,12,0,2,2
GA,Worth,3,0,13,2,7,7
HI,Hawaii,40,2,78,15,146,143
HI,Honolulu,184,10,263,101,920,719
HI,Kalawao,0,0,0,0,0,0
HI,Kauai,21,2,22,4,73,84
HI,Maui,40,1,52,11,135,183
ID,Ada,37,9,104,41,299,303
ID,Adams,1,0,4,0,2,6
ID,Bannock,9,3,35,5,58,58
ID,Bear Lake,3,0,7,0,4,7
ID,Benewah,4,0,6,0,6,7
ID,Bingham,7,1,13,2,20,16
ID,Blaine,5,0,8,3,19,49
ID,Boise,3,0,5,0,1,12
ID,Bonner,11,1,24,5,22,44
ID,Bonneville,7,4,45,13,63,73
ID,Boundary,2,0,6,0,5,10
ID,Butte,1,0,5,0,3,3
ID,Camas,1,0,0,0,3,2
ID,Canyon,20,6,50,21,92,70
ID,Caribou,3,0,4,2,3,2
ID,Cassia,4,1,24,1,20,17
ID,Clark,0,0,3,0,0,0
ID,Clearwater,4,0,6,1,4,10
ID,Custer,3,0,8,0,5,6
ID,Elmore,4,1,9,4,13,19
ID,Franklin,2,0,6,0,6,9
ID,Fremont,2,0,5,0,6,10
ID,Gem,1,1,6,1,13,10
ID,Gooding,4,0,5,0,6,9
ID,Idaho,6,0,10,1,5,17
ID,Jefferson,2,0,8,1,11,12
ID,Jerome,1,1,11,3,10,9
ID,Kootenai,16,3,48,16,104,122
ID,Latah,10,0,10,7,25,28
ID,Lemhi,6,0,7,0,5,12
ID,Lewis,3,0,2,1,2,4
ID,Lincoln,2,0,3,0,1,4
ID,Madison,3,0,12,2,28,12
ID,Minidoka,3,0,10,2,5,9
ID,Nez Perce,9,0,18,3,27,29
ID,Oneida,2,0,3,0,2,2
ID,Owyhee,3,0,2,1,9,10
ID,Payette,4,0,12,2,10,13
ID,Power,1,0,2,0,1,7
ID,Shoshone,6,1,13,0,7,19
ID,Teton,1,0,5,0,7,15
ID,Twin Falls,17,3,37,5,55,57
ID,Valley,5,0,12,1,7,24
ID,Washington,3,1,9,3,3,8
IL,Adams,11,2,29,5,29,46
IL,Alexander,2,0,3,0,1,4
IL,Bond,3,0,10,1,6,15
IL,Boone,9,1,22,1,26,17
IL,Brown,2,0,4,0,2,3
IL,Bureau,3,1,16,1,13,39
IL,Calhoun,3,0,1,0,1,11
IL,Carroll,3,0,12,1,11,9
IL,Cass,5,0,10,0,7,13
IL,Champaign,31,7,67,13,155,163
IL,Christian,8,1,17,1,17,24
IL,Clark,3,0,9,0,11,18
IL,Clay,4,1,5,0,7,10
IL,Clinton,11,0,24,4,21,29
IL,Coles,5,2,20,5,41,40
IL,Cook,1400,26,1300,459,3955,3533
IL,Crawford,5,0,8,1,9,13
IL,Cumberland,2,0,4,1,4,6
IL,DeKalb,15,1,39,3,76,70
IL,De Witt,4,0,5,0,8,15
IL,Douglas,11,0,9,2,14,20
IL,DuPage,172,11,308,84,800,701
IL,Edgar,3,2,11,0,10,10
IL,Edwards,3,0,4,0,6,1
IL,Effingham,9,1,19,0,31,22
IL,Fayette,8,1,10,0,10,19
IL,Ford,3,0,8,1,12,13
IL,Franklin,6,1,23,1,23,29
IL,Fulton,9,0,18,2,18,35
IL,Gallatin,0,0,3,0,1,3
IL,Greene,5,0,8,1,5,9
IL,Grundy,6,1,20,2,31,28
IL,Hamilton,2,0,3,2,5,6
IL,Hancock,6,0,13,1,8,10
IL,Hardin,1,0,2,0,1,8
IL,Henderson,2,0,5,0,1,4
IL,Henry,13,1,32,4,23,38
IL,Iroquois,8,0,15,0,21,24
IL,Jackson,12,1,25,2,40,61
IL,Jasper,1,0,5,0,5,6
IL,Jefferson,5,1,17,2,25,28
IL,Jersey,4,1,7,2,13,15
IL,Jo Daviess,7,1,14,1,12,39
IL,Johnson,2,0,8,1,3,6
IL,Kane,77,7,123,34,327,287
IL,Kankakee,22,2,45,9,78,63
IL,Kendall,13,3,18,6,53,50
IL,Knox,9,1,17,4,37,41
IL,Lake,120,9,194,58,535,464
IL,LaSalle,24,2,54,10,75,116
IL,Lawrence,3,0,6,0,5,11
IL,Lee,6,1,18,1,21,32
IL,Livingston,11,1,22,2,22,31
IL,Logan,6,1,10,2,17,26
IL,McDonough,5,1,15,0,30,37
IL,McHenry,43,8,82,20,183,200
IL,McLean,28,4,70,14,99,125
IL,Macon,13,3,45,8,69,73
IL,Macoupin,10,1,27,1,20,28
IL,Madison,40,3,119,25,184,174
IL,Marion,5,1,18,0,28,23
IL,Marshall,3,0,11,2,5,11
IL,Mason,5,0,8,0,10,12
IL,Massac,3,0,6,1,7,10
IL,Menard,2,0,6,1,3,9
IL,Mercer,2,0,8,1,5,9
IL,Monroe,4,1,12,1,20,24
IL,Montgomery,5,1,28,2,22,27
IL,Morgan,5,0,19,3,25,22
IL,Moultrie,2,0,6,3,5,9
IL,Ogle,8,0,29,1,26,46
IL,Peoria,41,2,66,17,124,158
IL,Perry,4,1,9,0,7,15
IL,Piatt,4,0,8,1,7,13
IL,Pike,5,0,11,1,8,14
IL,Pope,1,0,3,0,0,4
IL,Pulaski,5,0,4,0,1,3
IL,Putnam,2,0,5,0,0,10
IL,Randolph,8,1,17,1,17,24
IL,Richland,3,1,4,0,14,14
IL,Rock Island,23,2,53,9,114,111
IL,St. Clair,39,2,112,27,165,164
IL,Saline,8,0,15,0,21,18
IL,Sangamon,25,4,65,19,155,163
IL,Schuyler,1,0,3,0,4,5
IL,Scott,2,0,3,0,3,4
IL,Shelby,5,1,13,1,6,19
IL,Stark,2,0,3,0,0,4
IL,Stephenson,10,0,22,5,26,32
IL,Tazewell,14,4,54,9,92,99
IL,Union,4,1,11,2,8,9
IL,Vermilion,13,1,36,2,40,46
IL,Wabash,2,0,5,0,7,5
IL,Warren,6,0,6,1,10,13
IL,Washington,8,0,8,0,8,9
IL,Wayne,3,1,9,3,6,11
IL,White,6,1,10,0,6,10
IL,Whiteside,9,1,23,7,30,50
IL,Will,86,10,162,38,438,317
IL,Williamson,16,2,31,4,41,46
IL,Winnebago,55,5,112,24,202,201
IL,Woodford,9,0,12,2,14,27
IN,Adams,6,1,13,3,12,22
IN,Allen,45,9,112,23,216,244
IN,Bartholomew,18,3,28,5,59,53
IN,Benton,2,0,4,0,4,3
IN,Blackford,6,0,7,0,5,8
IN,Boone,8,0,16,1,28,42
IN,Brown,3,0,10,3,3,12
IN,Carroll,5,0,5,2,11,12
IN,Cass,8,0,13,1,29,20
IN,Clark,18,3,39,5,71,80
IN,Clay,5,0,11,2,16,16
IN,Clinton,8,1,15,3,22,16
IN,Crawford,2,0,11,0,3,12
IN,Daviess,6,1,6,1,22,16
IN,Dearborn,6,1,19,1,19,36
IN,Decatur,7,1,10,3,18,19
IN,DeKalb,8,1,18,2,24,35
IN,Delaware,13,3,56,7,74,72
IN,Dubois,11,1,17,5,32,40
IN,Elkhart,36,5,62,12,121,134
IN,Fayette,5,0,12,0,23,6
IN,Floyd,12,2,28,3,58,34
IN,Fountain,4,0,9,1,10,16
IN,Franklin,11,0,7,1,15,15
IN,Fulton,6,0,5,0,13,25
IN,Gibson,6,0,12,2,24,22
IN,Grant,11,2,51,1,52,46
IN,Greene,7,1,19,0,20,21
IN,Hamilton,35,6,58,12,176,178
IN,Hancock,4,1,19,1,39,36
IN,Harrison,4,1,13,1,19,13
IN,Hendricks,10,7,41,4,101,98
IN,Henry,9,1,21,0,24,22
IN,Howard,11,3,43,8,74,55
IN,Huntington,6,1,20,2,25,31
IN,Jackson,10,1,20,3,34,24
IN,Jasper,7,0,14,2,20,23
IN,Jay,3,1,8,2,8,19
IN,Jefferson,8,1,11,1,20,28
IN,Jennings,2,0,12,1,12,13
IN,Johnson,11,5,45,13,117,97
IN,Knox,6,1,21,5,22,29
IN,Kosciusko,13,1,29,4,42,58
IN,LaGrange,6,0,13,9,7,25
IN,Lake,78,5,199,28,367,296
IN,LaPorte,23,1,54,6,79,90
IN,Lawrence,9,1,25,3,31,19
IN,Madison,22,2,47,5,71,86
IN,Marion,143,21,307,57,743,600
IN,Marshall,11,1,21,1,39,29
IN,Martin,3,0,5,0,8,8
IN,Miami,7,0,16,1,19,18
IN,Monroe,22,2,43,5,94,115
IN,Montgomery,8,1,18,2,24,28
IN,Morgan,10,1,28,2,31,28
IN,Newton,4,0,10,2,9,10
IN,Noble,8,1,16,1,29,36
IN,Ohio,1,0,3,0,0,3
IN,Orange,5,1,12,0,12,11
IN,Owen,2,0,5,1,6,8
IN,Parke,2,0,8,0,3,10
IN,Perry,4,1,8,0,14,8
IN,Pike,5,0,7,0,4,5
IN,Porter,14,3,50,7,99,103
IN,Posey,4,0,14,0,9,23
IN,Pulaski,4,0,6,0,9,11
IN,Putnam,3,1,13,1,24,15
IN,Randolph,4,1,11,1,5,30
IN,Ripley,9,0,14,3,13,16
IN,Rush,4,0,11,0,11,12
IN,St. Joseph,40,8,86,19,174,196
IN,Scott,5,1,11,1,17,7
IN,Shelby,8,1,17,1,18,29
IN,Spencer,5,0,16,0,4,6
IN,Starke,7,0,9,1,9,11
IN,Steuben,6,2,20,6,26,50
IN,Sullivan,4,0,9,1,9,10
IN,Switzerland,2,0,3,0,3,8
IN,Tippecanoe,22,6,45,8,123,124
IN,Tipton,1,0,8,1,9,7
IN,Union,1,0,3,0,5,2
IN,Vanderburgh,35,3,66,13,147,139
IN,Vermillion,5,0,9,2,11,10
IN,Vigo,17,4,52,5,86,86
IN,Wabash,5,0,19,1,21,16
IN,Warren,2,0,5,0,1,5
IN,Warrick,10,2,17,2,23,28
IN,Washington,6,0,13,0,11,12
IN,Wayne,10,2,31,5,47,51
IN,Wells,3,1,9,1,18,14
IN,White,4,1,15,1,16,27
IN,Whitley,6,1,16,2,19,21
IA,Adair,3,0,7,0,4,5
IA,Adams,1,0,3,0,3,2
IA,Allamakee,6,0,5,2,3,18
IA,Appanoose,7,0,10,2,8,11
IA,Audubon,2,0,3,0,0,4
IA,Benton,4,0,14,1,5,9
IA,Black Hawk,22,4,54,11,78,104
IA,Boone,4,0,11,0,7,16
IA,Bremer,5,1,11,1,10,20
IA,Buchanan,4,1,13,1,7,16
IA,Buena Vista,4,1,12,3,10,17
IA,Butler,6,0,10,2,1,14
IA,Calhoun,3,0,8,0,6,7
IA,Carroll,7,0,11,4,18,22
IA,Cass,6,1,9,2,9,14
IA,Cedar,5,0,14,0,11,12
IA,Cerro Gordo,10,2,22,4,38,46
IA,Cherokee,3,0,11,0,8,11
IA,Chickasaw,5,0,9,0,3,12
IA,Clarke,3,1,6,0,6,5
IA,Clay,3,1,10,3,19,16
IA,Clayton,4,0,14,1,10,21
IA,Clinton,7,1,29,2,26,34
IA,Crawford,4,0,14,1,7,11
IA,Dallas,7,2,46,4,33,44
IA,Davis,1,0,5,1,2,8
IA,Decatur,2,0,4,0,4,5
IA,Delaware,4,0,9,0,7,17
IA,Des Moines,5,1,23,3,32,30
IA,Dickinson,5,1,13,2,16,30
IA,Dubuque,12,2,49,7,74,83
IA,Emmet,3,0,5,0,5,8
IA,Fayette,3,0,12,2,8,19
IA,Floyd,2,0,12,0,8,17
IA,Franklin,1,0,7,0,3,6
IA,Fremont,4,0,4,0,4,9
IA,Greene,1,0,8,0,4,10
IA,Grundy,4,0,7,1,1,12
IA,Guthrie,3,0,10,0,7,7
IA,Hamilton,4,0,10,1,3,13
IA,Hancock,4,0,8,0,4,9
IA,Hardin,6,0,14,0,2,15
IA,Harrison,4,0,15,1,9,9
IA,Henry,4,1,12,0,11,17
IA,Howard,4,0,6,1,2,11
IA,Humboldt,3,0,7,1,6,11
IA,Ida,2,0,6,0,3,10
IA,Iowa,4,0,12,2,9,14
IA,Jackson,4,1,14,2,8,23
IA,Jasper,6,1,23,0,27,17
IA,Jefferson,3,0,8,0,11,11
IA,Johnson,22,1,43,5,77,127
IA,Jones,5,1,12,1,7,16
IA,Keokuk,4,0,10,0,3,4
IA,Kossuth,7,0,11,1,9,15
IA,Lee,7,1,19,3,18,41
IA,Linn,26,6,75,14,158,159
IA,Louisa,4,0,6,0,5,8
IA,Lucas,1,0,6,0,3,6
IA,Lyon,7,0,10,0,4,9
IA,Madison,2,0,8,0,6,9
IA,Mahaska,3,1,13,3,10,8
IA,Marion,6,2,17,6,20,14
IA,Marshall,8,1,22,4,22,24
IA,Mills,3,0,8,0,3,7
IA,Mitchell,5,0,8,1,4,8
IA,Monona,2,0,8,0,6,7
IA,Monroe,2,0,8,0,5,7
IA,Montgomery,3,0,6,0,11,10
IA,Muscatine,12,1,21,3,29,28
IA,O'Brien,7,0,13,1,13,9
IA,Osceola,2,0,2,1,2,7
IA,Page,4,0,9,1,9,14
IA,Palo Alto,3,0,7,0,7,15
IA,Plymouth,5,1,9,1,15,19
IA,Pocahontas,4,0,6,0,2,5
IA,Polk,61,8,154,24,317,344
IA,Pottawattamie,13,2,49,6,61,44
IA,Poweshiek,5,1,15,1,13,19
IA,Ringgold,2,0,6,0,2,4
IA,Sac,5,0,10,0,3,14
IA,Scott,26,4,76,10,126,127
IA,Shelby,3,0,12,1,8,9
IA,Sioux,9,1,21,4,25,26
IA,Story,10,2,32,5,62,69
IA,Tama,4,0,13,2,8,12
IA,Taylor,2,0,5,0,4,4
IA,Union,2,1,9,0,6,12
IA,Van Buren,6,0,7,0,2,6
IA,Wapello,7,1,22,0,30,22
IA,Warren,5,1,22,4,19,20
IA,Washington,4,0,14,1,7,16
IA,Wayne,3,0,6,0,2,6
IA,Webster,6,1,23,3,27,20
IA,Winnebago,3,0,6,0,5,11
IA,Winneshiek,5,1,11,1,6,22
IA,Woodbury,20,3,49,9,92,83
IA,Worth,2,0,5,0,3,5
IA,Wright,5,0,13,2,7,13
KS,Allen,3,1,6,1,7,15
KS,Anderson,3,0,6,0,3,12
KS,Atchison,4,1,8,0,10,11
KS,Barber,5,0,5,0,3,8
KS,Barton,4,1,10,3,14,28
KS,Bourbon,2,1,6,0,12,10
KS,Brown,2,1,2,0,7,11
KS,Butler,8,1,21,5,43,37
KS,Chase,1,0,2,0,0,4
KS,Chautauqua,1,0,3,0,1,10
KS,Cherokee,3,0,10,1,9,13
KS,Cheyenne,4,0,1,1,0,3
KS,Clark,2,0,1,0,1,3
KS,Clay,1,0,5,1,3,11
KS,Cloud,2,1,6,1,6,11
KS,Coffey,3,0,7,0,7,6
KS,Comanche,2,0,1,0,0,4
KS,Cowley,4,2,16,1,17,31
KS,Crawford,5,1,20,4,20,32
KS,Decatur,1,0,0,0,1,2
KS,Dickinson,4,0,11,2,11,14
KS,Doniphan,6,0,4,0,1,5
KS,Douglas,17,3,34,5,92,86
KS,Edwards,1,0,0,1,0,4
KS,Elk,0,0,3,0,2,2
KS,Ellis,4,1,18,5,28,22
KS,Ellsworth,0,0,6,0,2,7
KS,Finney,5,2,10,5,22,19
KS,Ford,5,1,12,1,13,25
KS,Franklin,2,1,14,1,16,16
KS,Geary,3,1,13,2,19,17
KS,Gove,3,0,2,0,3,3
KS,Graham,1,0,3,1,1,2
KS,Grant,2,0,2,1,4,10
KS,Gray,2,0,2,1,1,3
KS,Greeley,1,0,0,0,1,1
KS,Greenwood,5,0,4,0,2,6
KS,Hamilton,1,0,1,0,0,3
KS,Harper,3,0,3,1,4,5
KS,Harvey,7,1,12,3,24,19
KS,Haskell,1,0,3,0,0,5
KS,Hodgeman,1,0,1,0,1,2
KS,Jackson,3,0,4,1,6,10
KS,Jefferson,5,0,11,2,5,8
KS,Jewell,2,0,1,0,0,6
KS,Johnson,64,13,116,43,384,386
KS,Kearny,1,0,2,0,1,3
KS,Kingman,1,0,2,0,4,3
KS,Kiowa,0,0,1,1,1,3
KS,Labette,5,1,15,0,6,14
KS,Lane,1,0,2,0,0,0
KS,Leavenworth,6,0,19,3,35,27
KS,Lincoln,1,0,4,0,0,5
KS,Linn,3,0,8,0,3,4
KS,Logan,1,0,2,0,0,5
KS,Lyon,6,1,14,4,21,29
KS,McPherson,6,1,11,3,13,22
KS,Marion,6,0,6,0,5,12
KS,Marshall,5,1,8,1,6,13
KS,Meade,2,0,4,0,1,3
KS,Miami,3,1,14,2,19,23
KS,Mitchell,3,0,5,1,6,6
KS,Montgomery,4,1,20,3,22,30
KS,Morris,2,0,2,1,4,7
KS,Morton,1,0,4,0,1,3
KS,Nemaha,8,0,4,1,2,12
KS,Neosho,6,1,9,0,5,14
KS,Ness,2,0,1,0,2,5
KS,Norton,3,0,4,0,4,4
KS,Osage,3,0,12,0,5,12
KS,Osborne,3,0,3,0,1,7
KS,Ottawa,1,0,2,0,1,2
KS,Pawnee,2,0,2,1,4,4
KS,Phillips,3,0,2,0,5,4
KS,Pottawatomie,6,0,9,3,9,14
KS,Pratt,4,1,4,0,9,7
KS,Rawlins,2,0,2,0,0,3
KS,Reno,12,1,28,7,52,40
KS,Republic,2,0,4,0,3,2
KS,Rice,4,0,4,0,7,6
KS,Riley,5,1,26,4,48,47
KS,Rooks,3,0,3,0,4,7
KS,Rush,0,0,2,0,1,2
KS,Russell,3,0,4,0,4,8
KS,Saline,6,2,26,4,49,30
KS,Scott,2,0,1,0,4,4
KS,Sedgwick,56,11,122,33,400,329
KS,Seward,2,1,4,0,14,16
KS,Shawnee,31,4,66,9,139,112
KS,Sheridan,1,0,3,0,1,2
KS,Sherman,0,1,2,1,7,7
KS,Smith,3,0,3,0,1,4
KS,Stafford,2,0,2,0,1,5
KS,Stanton,1,0,1,0,1,3
KS,Stevens,1,0,2,0,4,8
KS,Sumner,6,1,6,1,14,12
KS,Thomas,2,1,3,0,8,8
KS,Trego,0,0,5,0,3,3
KS,Wabaunsee,1,0,4,0,1,8
KS,Wallace,1,0,1,0,0,1
KS,Washington,6,0,6,1,2,9
KS,Wichita,1,0,1,0,1,2
KS,Wilson,2,0,9,0,6,13
KS,Woodson,2,0,3,0,1,3
KS,Wyandotte,20,1,52,14,97,93
KY,Adair,3,0,11,0,9,10
KY,Allen,4,0,9,0,7,6
KY,Anderson,1,1,13,0,13,7
KY,Ballard,2,0,7,0,1,5
KY,Barren,11,1,29,1,39,26
KY,Bath,7,0,9,0,4,2
KY,Bell,12,1,6,2,25,11
KY,Boone,17,4,45,6,101,100
KY,Bourbon,3,1,13,0,16,7
KY,Boyd,9,2,35,4,49,29
KY,Boyle,7,1,13,1,22,21
KY,Bracken,2,0,5,0,2,8
KY,Breathitt,5,0,8,0,8,4
KY,Breckinridge,5,0,14,0,3,10
KY,Bullitt,7,0,35,0,42,18
KY,Butler,5,0,8,0,6,5
KY,Caldwell,6,0,9,0,8,13
KY,Calloway,3,1,17,1,27,38
KY,Campbell,17,1,43,5,60,78
KY,Carlisle,1,0,3,0,0,2
KY,Carroll,3,1,9,0,12,7
KY,Carter,10,0,19,0,19,11
KY,Casey,8,0,13,1,4,7
KY,Christian,15,2,18,0,45,41
KY,Clark,8,1,22,2,29,22
KY,Clay,3,0,14,0,9,5
KY,Clinton,3,0,8,0,5,5
KY,Crittenden,2,0,3,0,5,5
KY,Cumberland,2,0,5,0,2,4
KY,Daviess,14,3,63,5,74,64
KY,Edmonson,3,0,9,0,2,10
KY,Elliott,1,0,1,0,3,1
KY,Estill,4,0,6,0,7,5
KY,Fayette,50,6,115,16,258,258
KY,Fleming,7,0,12,0,3,2
KY,Floyd,19,0,25,1,22,13
KY,Franklin,6,1,31,6,39,33
KY,Fulton,3,0,4,0,4,7
KY,Gallatin,2,0,10,1,3,3
KY,Garrard,1,0,7,0,6,6
KY,Grant,2,1,21,1,15,14
KY,Graves,5,1,18,1,18,26
KY,Grayson,6,1,29,0,12,6
KY,Green,2,0,6,2,4,6
KY,Greenup,6,0,20,2,17,10
KY,Hancock,0,0,5,0,3,5
KY,Hardin,15,3,51,3,75,56
KY,Harlan,9,0,12,0,16,8
KY,Harrison,4,1,8,0,13,9
KY,Hart,5,0,14,0,5,12
KY,Henderson,8,1,27,1,34,29
KY,Henry,2,0,10,0,4,4
KY,Hickman,2,1,4,0,1,1
KY,Hopkins,10,1,26,1,25,27
KY,Jackson,2,0,14,0,3,3
KY,Jefferson,134,14,250,50,614,501
KY,Jessamine,5,1,20,3,25,24
KY,Johnson,2,1,16,0,17,13
KY,Kenton,25,1,70,16,72,107
KY,Knott,4,0,8,0,3,1
KY,Knox,8,0,10,2,22,14
KY,Larue,4,0,6,0,7,4
KY,Laurel,13,2,43,0,39,30
KY,Lawrence,4,1,13,0,7,4
KY,Lee,1,0,5,0,3,1
KY,Leslie,4,0,5,0,3,1
KY,Letcher,7,0,8,0,19,5
KY,Lewis,6,0,11,0,3,3
KY,Lincoln,8,1,12,0,9,6
KY,Livingston,4,0,7,1,4,4
KY,Logan,5,1,12,0,13,15
KY,Lyon,1,0,3,0,4,8
KY,McCracken,9,3,36,5,76,67
KY,McCreary,6,0,15,0,9,4
KY,McLean,3,0,7,0,6,7
KY,Madison,9,2,53,2,58,40
KY,Magoffin,2,0,10,0,5,2
KY,Marion,3,1,13,0,13,11
KY,Marshall,8,1,12,0,20,27
KY,Martin,3,0,20,0,8,4
KY,Mason,7,1,14,1,15,15
KY,Meade,4,0,18,0,9,9
KY,Menifee,2,0,4,0,1,0
KY,Mercer,5,1,9,0,11,11
KY,Metcalfe,2,0,6,0,3,5
KY,Monroe,4,1,5,1,8,8
KY,Montgomery,7,1,14,1,19,11
KY,Morgan,5,0,10,2,7,3
KY,Muhlenberg,6,1,16,1,22,16
KY,Nelson,4,1,30,3,24,21
KY,Nicholas,3,0,3,0,0,5
KY,Ohio,2,1,14,0,12,11
KY,Oldham,4,1,21,2,26,18
KY,Owen,3,0,5,0,5,4
KY,Owsley,1,0,3,0,1,1
KY,Pendleton,2,0,2,0,3,4
KY,Perry,9,1,25,0,24,14
KY,Pike,20,2,37,2,44,27
KY,Powell,3,0,14,0,10,4
KY,Pulaski,17,1,29,3,39,36
KY,Robertson,1,0,0,0,1,1
KY,Rockcastle,3,0,7,2,7,10
KY,Rowan,7,0,18,0,19,10
KY,Russell,4,0,18,1,11,13
KY,Scott,4,1,18,2,30,28
KY,Shelby,7,1,18,2,25,15
KY,Simpson,4,1,6,0,20,15
KY,Spencer,2,0,4,0,8,1
KY,Taylor,7,1,16,1,20,12
KY,Todd,4,0,7,1,5,3
KY,Trigg,4,0,5,0,9,9
KY,Trimble,1,0,3,1,1,2
KY,Union,5,1,11,0,10,10
KY,Warren,20,3,41,2,78,79
KY,Washington,5,0,5,0,8,5
KY,Wayne,6,1,11,2,15,7
KY,Webster,7,0,14,0,8,5
KY,Whitley,11,1,20,1,29,14
KY,Wolfe,3,0,5,0,2,2
KY,Woodford,4,0,10,0,10,18
LA,Acadia,23,1,39,5,29,17
LA,Allen,3,1,10,1,9,7
LA,Ascension,21,3,50,6,66,46
LA,Assumption,5,0,15,3,5,1
LA,Avoyelles,14,1,32,7,22,11
LA,Beauregard,3,1,21,2,17,9
LA,Bienville,2,0,16,0,10,7
LA,Bossier,18,1,55,7,90,74
LA,Caddo,32,6,149,11,184,134
LA,Calcasieu,31,5,121,11,136,82
LA,Caldwell,7,0,7,0,5,4
LA,Cameron,4,0,5,0,0,0
LA,Catahoula,1,0,7,1,5,1
LA,Claiborne,3,0,9,0,7,5
LA,Concordia,3,1,26,1,14,7
LA,De Soto,3,0,14,0,9,9
LA,East Baton Rouge,114,11,222,42,369,294
LA,East Carroll,3,0,5,1,3,2
LA,East Feliciana,2,0,14,1,10,5
LA,Evangeline,18,1,19,3,10,5
LA,Franklin,5,1,13,1,10,5
LA,Grant,2,0,11,0,2,0
LA,Iberia,22,1,44,7,40,21
LA,Iberville,12,1,18,3,14,14
LA,Jackson,1,1,10,0,10,3
LA,Jefferson,104,7,208,36,341,349
LA,Jefferson Davis,9,1,23,3,20,7
LA,Lafayette,57,5,117,18,184,178
LA,Lafourche,16,3,46,12,49,43
LA,La Salle,2,1,15,0,10,3
LA,Lincoln,2,1,30,2,30,24
LA,Livingston,17,2,78,5,61,45
LA,Madison,2,0,8,0,6,5
LA,Morehouse,4,1,19,1,17,8
LA,Natchitoches,9,1,30,1,21,22
LA,Orleans,137,2,125,29,247,350
LA,Ouachita,20,3,81,8,118,94
LA,Plaquemines,4,0,14,4,14,11
LA,Pointe Coupee,14,0,17,2,12,12
LA,Rapides,14,4,101,5,89,60
LA,Red River,0,0,5,0,4,3
LA,Richland,3,1,14,1,10,6
LA,Sabine,6,0,14,0,7,6
LA,St. Bernard,10,0,17,6,18,24
LA,St. Charles,8,1,27,1,26,27
LA,St. Helena,1,0,7,0,3,2
LA,St. James,7,0,11,1,10,8
LA,St. John the Baptist,14,1,20,3,25,23
LA,St. Landry,32,2,53,6,40,23
LA,St. Martin,16,1,23,6,22,23
LA,St. Mary,16,1,36,2,32,27
LA,St. Tammany,36,5,103,15,154,210
LA,Tangipahoa,25,2,83,7,70,79
LA,Tensas,1,0,5,1,1,3
LA,Terrebonne,19,3,72,13,72,75
LA,Union,7,1,19,0,9,7
LA,Vermilion,17,1,24,7,20,20
LA,Vernon,6,1,32,2,24,18
LA,Washington,12,0,23,1,20,24
LA,Webster,7,2,30,1,30,16
LA,West Baton Rouge,5,1,22,2,16,11
LA,West Carroll,4,1,7,0,7,2
LA,West Feliciana,4,0,11,0,4,12
LA,Winn,3,1,9,0,8,7
ME,Androscoggin,20,2,67,10,61,87
ME,Aroostook,30,1,64,0,39,61
ME,Cumberland,66,4,161,43,233,335
ME,Franklin,12,1,28,6,16,40
ME,Hancock,28,0,35,4,42,105
ME,Kennebec,29,3,90,12,86,95
ME,Knox,16,0,36,6,30,74
ME,Lincoln,13,0,34,9,24,46
ME,Oxford,13,2,49,3,24,46
ME,Penobscot,32,2,118,9,93,110
ME,Piscataquis,8,0,18,3,6,16
ME,Sagadahoc,8,0,19,3,23,34
ME,Somerset,13,1,53,2,27,42
ME,Waldo,8,0,31,2,17,32
ME,Washington,18,0,32,1,19,34
ME,York,46,1,123,27,144,239
MD,Allegany,17,1,25,6,60,50
MD,Anne Arundel,85,6,181,44,449,326
MD,Baltimore,128,9,254,70,684,378
MD,Calvert,13,0,28,5,55,52
MD,Caroline,7,0,25,3,13,14
MD,Carroll,22,1,46,6,103,94
MD,Cecil,20,1,40,3,53,43
MD,Charles,22,2,40,9,96,74
MD,Dorchester,6,0,24,2,24,20
MD,Frederick,35,3,69,13,178,139
MD,Garrett,5,1,18,6,17,26
MD,Harford,33,2,82,17,150,116
MD,Howard,40,2,76,21,229,156
MD,Kent,5,0,11,4,15,25
MD,Montgomery,204,2,174,75,727,586
MD,Prince George's,155,3,254,46,657,268
MD,Queen Anne's,10,0,20,8,26,33
MD,St. Mary's,17,2,36,6,71,61
MD,Somerset,5,0,11,2,9,12
MD,Talbot,12,0,19,7,28,54
MD,Washington,28,3,46,10,101,96
MD,Wicomico,10,3,49,10,78,58
MD,Worcester,16,1,43,24,83,155
MD,Baltimore,200,0,206,64,619,314
MA,Barnstable,65,1,119,59,214,420
MA,Berkshire,34,0,75,17,102,202
MA,Bristol,110,5,253,53,349,452
MA,Dukes,12,0,10,13,16,60
MA,Essex,143,3,242,74,547,579
MA,Franklin,27,1,34,4,39,60
MA,Hampden,95,4,198,33,260,322
MA,Hampshire,32,1,50,12,93,162
MA,Middlesex,272,5,507,120,1059,1163
MA,Nantucket,4,0,6,4,17,45
MA,Norfolk,101,6,244,68,393,563
MA,Plymouth,82,3,233,48,298,369
MA,Suffolk,205,2,300,77,645,754
MA,Worcester,140,7,317,53,502,575
MI,Alcona,3,0,8,1,3,6
MI,Alger,7,0,10,1,3,13
MI,Allegan,20,2,51,3,46,86
MI,Alpena,9,1,17,1,19,24
MI,Antrim,8,0,13,3,8,29
MI,Arenac,6,0,15,2,11,13
MI,Baraga,3,0,6,0,5,5
MI,Barry,11,0,33,3,18,36
MI,Bay,20,3,63,14,89,69
MI,Benzie,7,0,7,1,10,22
MI,Berrien,41,3,63,16,103,166
MI,Branch,3,2,23,2,22,29
MI,Calhoun,25,4,76,7,96,83
MI,Cass,14,0,20,4,15,22
MI,Charlevoix,8,0,20,6,21,30
MI,Cheboygan,7,1,22,8,12,35
MI,Chippewa,13,0,24,4,23,33
MI,Clare,11,0,27,2,19,21
MI,Clinton,6,2,26,3,31,35
MI,Crawford,2,0,14,0,10,11
MI,Delta,15,1,21,5,27,31
MI,Dickinson,6,1,16,3,23,17
MI,Eaton,14,5,37,4,70,70
MI,Emmet,18,1,23,7,28,51
MI,Genesee,103,9,189,27,266,231
MI,Gladwin,4,0,22,3,8,16
MI,Gogebic,4,1,11,1,11,21
MI,Grand Traverse,22,2,31,17,60,93
MI,Gratiot,9,0,23,3,16,22
MI,Hillsdale,7,1,24,5,19,34
MI,Houghton,10,1,20,2,23,38
MI,Huron,9,1,31,6,26,38
MI,Ingham,52,6,113,14,228,201
MI,Ionia,10,2,25,3,26,29
MI,Iosco,8,1,17,1,18,26
MI,Iron,3,0,14,2,6,15
MI,Isabella,8,3,35,2,38,43
MI,Jackson,24,4,80,11,92,91
MI,Kalamazoo,45,7,100,15,182,189
MI,Kalkaska,6,0,11,1,7,9
MI,Kent,123,19,182,69,395,382
MI,Keweenaw,1,0,1,0,0,7
MI,Lake,2,0,10,1,3,17
MI,Lapeer,12,2,38,2,35,45
MI,Leelanau,11,0,10,9,8,37
MI,Lenawee,19,2,40,7,59,69
MI,Livingston,24,7,51,11,91,98
MI,Luce,6,0,4,0,2,9
MI,Mackinac,6,0,14,4,13,32
MI,Macomb,150,17,322,92,526,596
MI,Manistee,11,0,17,3,9,31
MI,Marquette,15,1,36,6,51,47
MI,Mason,6,2,17,2,17,28
MI,Mecosta,8,2,26,1,25,33
MI,Menominee,5,0,8,1,11,20
MI,Midland,13,2,40,4,50,43
MI,Missaukee,3,0,6,2,6,8
MI,Monroe,22,1,48,9,96,83
MI,Montcalm,15,2,36,2,24,36
MI,Montmorency,4,0,8,0,3,12
MI,Muskegon,26,6,73,18,107,106
MI,Newaygo,8,1,26,5,25,27
MI,Oakland,267,24,433,120,937,1016
MI,Oceana,9,0,21,6,7,25
MI,Ogemaw,6,1,13,1,15,23
MI,Ontonagon,4,0,7,0,0,12
MI,Osceola,8,0,11,0,8,22
MI,Oscoda,3,0,8,0,3,8
MI,Otsego,5,2,24,3,20,24
MI,Ottawa,37,7,69,26,144,121
MI,Presque Isle,5,0,9,1,7,17
MI,Roscommon,6,1,21,4,14,29
MI,Saginaw,46,6,94,19,141,90
MI,St. Clair,28,5,70,4,78,117
MI,St. Joseph,16,3,31,6,29,45
MI,Sanilac,10,1,29,2,15,28
MI,Schoolcraft,4,0,9,1,8,11
MI,Shiawassee,12,2,30,1,41,37
MI,Tuscola,9,1,29,1,17,25
MI,Van Buren,17,1,55,5,41,60
MI,Washtenaw,61,5,93,38,233,260
MI,Wayne,464,19,856,192,1206,1028
MI,Wexford,8,2,21,0,25,26
MN,Aitkin,3,0,16,0,7,22
MN,Anoka,34,5,106,14,194,136
MN,Becker,4,1,23,2,19,25
MN,Beltrami,7,1,26,6,18,34
MN,Benton,6,0,17,4,18,19
MN,Big Stone,3,0,2,1,1,11
MN,Blue Earth,8,2,25,8,50,57
MN,Brown,6,1,10,2,15,20
MN,Carlton,5,1,22,1,13,22
MN,Carver,8,1,27,5,47,45
MN,Cass,9,0,22,3,7,43
MN,Chippewa,5,1,7,0,8,9
MN,Chisago,6,0,28,3,28,29
MN,Clay,6,0,20,2,30,25
MN,Clearwater,4,0,6,0,2,10
MN,Cook,5,0,6,1,4,16
MN,Cottonwood,6,0,7,0,8,5
MN,Crow Wing,14,1,32,8,42,66
MN,Dakota,41,7,122,32,250,199
MN,Dodge,3,0,6,1,6,11
MN,Douglas,6,1,26,3,30,43
MN,Faribault,7,0,8,1,7,14
MN,Fillmore,7,0,10,1,11,25
MN,Freeborn,4,1,9,6,24,26
MN,Goodhue,10,1,25,7,36,36
MN,Grant,3,0,5,0,2,4
MN,Hennepin,221,15,352,100,894,802
MN,Houston,4,0,9,2,5,20
MN,Hubbard,4,1,19,5,7,22
MN,Isanti,4,1,13,2,14,23
MN,Itasca,7,0,38,1,15,40
MN,Jackson,2,0,6,1,3,7
MN,Kanabec,1,0,6,0,7,15
MN,Kandiyohi,8,1,21,4,24,25
MN,Kittson,3,0,4,2,2,3
MN,Koochiching,6,0,15,0,8,18
MN,Lac qui Parle,2,0,2,1,2,5
MN,Lake,2,0,7,5,7,17
MN,Lake of the Woods,2,0,3,0,4,4
MN,Le Sueur,6,0,14,3,6,16
MN,Lincoln,5,0,5,1,5,5
MN,Lyon,8,1,8,2,20,19
MN,McLeod,5,1,20,6,26,18
MN,Mahnomen,2,0,6,0,1,4
MN,Marshall,6,0,3,0,2,10
MN,Martin,4,1,12,2,17,16
MN,Meeker,4,1,13,2,9,14
MN,Mille Lacs,8,0,21,2,11,25
MN,Morrison,10,1,16,5,15,25
MN,Mower,9,1,20,4,25,27
MN,Murray,3,0,8,0,3,10
MN,Nicollet,5,0,10,2,19,16
MN,Nobles,5,1,9,4,12,16
MN,Norman,4,0,3,1,2,5
MN,Olmsted,26,5,47,4,92,82
MN,Otter Tail,11,0,38,4,29,49
MN,Pennington,3,1,8,1,7,15
MN,Pine,4,1,25,0,9,19
MN,Pipestone,5,0,7,3,6,6
MN,Polk,7,1,14,1,19,23
MN,Pope,3,0,8,3,4,13
MN,Ramsey,97,5,154,47,363,335
MN,Red Lake,3,0,1,0,2,6
MN,Redwood,5,0,7,0,10,8
MN,Renville,6,0,9,1,6,15
MN,Rice,6,1,24,6,33,30
MN,Rock,1,0,5,0,7,4
MN,Roseau,5,0,11,0,7,15
MN,St. Louis,36,2,107,13,109,170
MN,Scott,12,3,34,14,59,55
MN,Sherburne,6,1,27,8,47,36
MN,Sibley,4,0,8,3,6,8
MN,Stearns,35,2,52,13,109,113
MN,Steele,8,1,14,3,21,23
MN,Stevens,5,0,4,0,6,11
MN,Swift,4,0,6,2,6,11
MN,Todd,9,0,11,2,9,17
MN,Traverse,2,0,2,0,2,2
MN,Wabasha,4,0,13,2,9,24
MN,Wadena,5,1,10,0,9,13
MN,Waseca,3,1,8,3,9,12
MN,Washington,21,2,50,15,113,144
MN,Watonwan,5,0,5,1,6,12
MN,Wilkin,0,0,4,0,2,5
MN,Winona,9,1,20,5,31,38
MN,Wright,11,3,44,17,63,70
MN,Yellow Medicine,5,0,9,1,6,5
MS,Adams,4,1,24,3,22,23
MS,Alcorn,6,1,23,1,26,29
MS,Amite,2,0,9,0,3,0
MS,Attala,4,1,14,0,9,8
MS,Benton,1,0,7,1,0,1
MS,Bolivar,11,1,23,1,15,24
MS,Calhoun,4,0,10,1,6,6
MS,Carroll,1,0,5,0,3,6
MS,Chickasaw,3,0,11,0,9,8
MS,Choctaw,5,0,4,0,4,4
MS,Claiborne,2,0,7,0,6,2
MS,Clarke,4,0,15,1,3,6
MS,Clay,6,0,22,1,9,15
MS,Coahoma,8,1,21,2,15,13
MS,Copiah,6,0,20,0,13,10
MS,Covington,5,0,12,3,9,8
MS,DeSoto,18,4,67,6,105,108
MS,Forrest,13,2,64,4,71,45
MS,Franklin,2,0,6,0,2,3
MS,George,2,1,18,1,9,13
MS,Greene,4,0,8,0,1,2
MS,Grenada,4,1,19,1,20,15
MS,Hancock,4,1,20,1,24,28
MS,Harrison,20,4,88,11,136,129
MS,Hinds,36,3,146,4,178,110
MS,Holmes,6,0,15,1,6,4
MS,Humphreys,3,0,9,0,3,3
MS,Issaquena,0,0,0,0,0,0
MS,Itawamba,5,1,12,0,11,12
MS,Jackson,24,2,77,8,88,86
MS,Jasper,3,0,11,0,5,4
MS,Jefferson,1,0,5,0,1,0
MS,Jefferson Davis,3,0,10,0,5,4
MS,Jones,11,1,44,1,56,27
MS,Kemper,1,0,8,0,1,2
MS,Lafayette,4,1,23,7,36,51
MS,Lamar,10,2,20,8,52,37
MS,Lauderdale,15,3,69,2,63,53
MS,Lawrence,5,0,13,0,8,4
MS,Leake,2,1,18,0,12,6
MS,Lee,16,3,73,6,85,66
MS,Leflore,10,1,32,2,16,18
MS,Lincoln,3,1,23,1,28,12
MS,Lowndes,11,1,45,3,35,39
MS,Madison,13,2,56,8,89,64
MS,Marion,5,1,18,2,24,10
MS,Marshall,9,1,29,0,8,12
MS,Monroe,9,1,14,1,15,27
MS,Montgomery,2,0,15,0,11,8
MS,Neshoba,3,1,24,0,21,9
MS,Newton,5,1,17,0,13,4
MS,Noxubee,3,0,8,0,4,0
MS,Oktibbeha,2,1,30,1,35,37
MS,Panola,4,1,45,1,22,15
MS,Pearl River,8,1,31,0,34,20
MS,Perry,3,0,12,0,2,2
MS,Pike,9,1,44,3,30,21
MS,Pontotoc,6,1,17,1,13,13
MS,Prentiss,8,0,14,0,13,9
MS,Quitman,3,0,3,0,3,2
MS,Rankin,12,4,74,4,111,72
MS,Scott,9,1,23,1,21,9
MS,Sharkey,2,0,7,0,3,0
MS,Simpson,5,1,16,0,12,12
MS,Smith,5,0,8,1,6,3
MS,Stone,3,1,13,1,10,11
MS,Sunflower,9,1,22,0,11,7
MS,Tallahatchie,2,0,12,0,6,2
MS,Tate,3,1,20,1,13,8
MS,Tippah,6,0,13,0,7,8
MS,Tishomingo,11,0,12,0,9,16
MS,Tunica,1,0,19,0,12,5
MS,Union,3,1,17,0,13,8
MS,Walthall,3,0,8,0,7,7
MS,Warren,5,1,40,3,39,27
MS,Washington,11,1,48,3,26,25
MS,Wayne,4,1,17,2,11,13
MS,Webster,3,0,11,0,3,4
MS,Wilkinson,4,0,7,1,2,0
MS,Winston,4,1,18,0,10,10
MS,Yalobusha,2,0,11,0,6,6
MS,Yazoo,3,0,21,0,11,9
MO,Adair,3,1,14,1,20,20
MO,Andrew,3,0,12,1,7,4
MO,Atchison,4,0,4,1,2,4
MO,Audrain,4,1,17,0,13,14
MO,Barry,7,2,24,0,13,28
MO,Barton,2,1,8,0,7,6
MO,Bates,4,0,11,1,9,12
MO,Benton,4,1,12,1,4,26
MO,Bollinger,2,0,8,1,2,6
MO,Boone,26,4,65,10,122,158
MO,Buchanan,14,3,38,6,73,62
MO,Butler,12,1,31,1,26,25
MO,Caldwell,5,0,6,0,4,7
MO,Callaway,5,1,26,0,22,23
MO,Camden,8,2,36,7,29,95
MO,Cape Girardeau,10,3,42,6,56,73
MO,Carroll,2,0,7,1,4,7
MO,Carter,5,0,2,0,3,3
MO,Cass,13,2,42,4,51,60
MO,Cedar,3,0,9,0,8,12
MO,Chariton,3,0,6,0,2,7
MO,Christian,8,2,33,3,40,41
MO,Clark,2,0,8,0,2,4
MO,Clay,32,4,55,11,155,142
MO,Clinton,2,0,10,2,5,11
MO,Cole,11,2,38,7,54,54
MO,Cooper,3,0,14,1,15,12
MO,Crawford,3,0,13,0,10,15
MO,Dade,1,0,8,1,5,7
MO,Dallas,3,0,13,1,9,7
MO,Daviess,3,0,5,1,2,5
MO,DeKalb,3,1,5,0,3,3
MO,Dent,5,1,8,1,7,7
MO,Douglas,2,1,10,1,4,10
MO,Dunklin,14,1,23,1,17,26
MO,Franklin,18,3,49,5,56,63
MO,Gasconade,7,1,11,0,9,19
MO,Gentry,3,0,7,0,6,5
MO,Greene,36,7,120,12,239,219
MO,Grundy,5,0,5,0,5,6
MO,Harrison,4,1,9,2,5,9
MO,Henry,3,1,21,1,13,28
MO,Hickory,1,0,2,0,1,10
MO,Holt,2,0,7,0,5,3
MO,Howard,3,0,4,1,2,7
MO,Howell,9,1,31,1,27,28
MO,Iron,4,0,11,0,1,7
MO,Jackson,98,11,235,42,502,457
MO,Jasper,11,5,67,6,98,100
MO,Jefferson,26,2,88,7,118,95
MO,Johnson,5,1,24,2,32,35
MO,Knox,1,0,2,0,0,4
MO,Laclede,8,1,27,1,19,29
MO,Lafayette,7,0,19,3,21,23
MO,Lawrence,8,0,27,0,18,27
MO,Lewis,2,0,9,1,0,13
MO,Lincoln,5,1,24,3,19,24
MO,Linn,2,1,7,1,6,7
MO,Livingston,3,1,8,0,4,13
MO,McDonald,4,1,18,1,5,11
MO,Macon,3,0,14,1,8,13
MO,Madison,2,1,9,0,7,9
MO,Maries,2,0,7,0,2,8
MO,Marion,7,1,28,0,23,25
MO,Mercer,1,0,2,0,1,6
MO,Miller,6,0,20,0,16,24
MO,Mississippi,6,0,8,0,7,10
MO,Moniteau,3,0,10,0,8,10
MO,Monroe,2,0,6,0,2,10
MO,Montgomery,6,0,5,0,4,8
MO,Morgan,8,1,14,1,3,30
MO,New Madrid,6,1,13,0,10,14
MO,Newton,7,1,36,3,29,32
MO,Nodaway,1,1,8,1,13,13
MO,Oregon,4,0,7,0,3,6
MO,Osage,4,0,9,0,2,14
MO,Ozark,3,0,7,0,4,6
MO,Pemiscot,7,0,10,2,6,13
MO,Perry,3,1,14,1,12,16
MO,Pettis,9,1,22,2,30,31
MO,Phelps,8,1,27,0,29,31
MO,Pike,5,0,16,0,7,12
MO,Platte,12,1,21,6,66,71
MO,Polk,4,1,15,0,14,15
MO,Pulaski,6,1,25,3,20,34
MO,Putnam,2,0,3,0,4,1
MO,Ralls,3,0,9,0,1,4
MO,Randolph,3,1,12,1,11,17
MO,Ray,3,1,14,0,9,10
MO,Reynolds,2,0,6,0,1,2
MO,Ripley,2,0,9,0,7,1
MO,St. Charles,40,4,103,25,250,252
MO,St. Clair,6,0,7,1,1,9
MO,Ste. Genevieve,3,0,13,2,7,14
MO,St. Francois,10,2,38,2,41,35
MO,St. Louis County,182,8,334,77,815,718
MO,Saline,6,1,18,0,15,14
MO,Schuyler,4,0,5,1,2,1
MO,Scotland,2,0,2,0,1,6
MO,Scott,14,0,29,1,19,32
MO,Shannon,3,0,4,0,0,8
MO,Shelby,2,0,5,0,1,7
MO,Stoddard,7,1,23,0,12,16
MO,Stone,6,1,20,1,12,32
MO,Sullivan,3,0,3,0,2,5
MO,Taney,13,1,37,7,48,78
MO,Texas,7,1,16,0,9,17
MO,Vernon,2,1,11,2,13,17
MO,Warren,4,1,11,2,10,17
MO,Washington,3,1,10,1,8,7
MO,Wayne,4,0,12,0,4,8
MO,Webster,6,1,20,1,13,16
MO,Worth,1,0,2,0,1,2
MO,Wright,6,1,13,1,9,9
MO,St. Louis City,115,0,125,27,296,345
MT,Beaverhead,3,0,8,0,7,17
MT,Big Horn,3,0,14,0,4,7
MT,Blaine,4,0,4,1,3,4
MT,Broadwater,1,0,2,1,1,6
MT,Carbon,3,0,3,0,5,13
MT,Carter,1,0,3,0,0,0
MT,Cascade,13,2,26,11,72,73
MT,Chouteau,3,0,1,1,2,3
MT,Custer,2,1,4,0,8,12
MT,Daniels,2,0,1,0,2,2
MT,Dawson,3,0,6,1,6,6
MT,Deer Lodge,3,0,5,0,4,8
MT,Fallon,1,0,3,0,2,5
MT,Fergus,10,0,5,1,7,17
MT,Flathead,14,1,43,10,75,98
MT,Gallatin,19,2,35,8,83,121
MT,Garfield,1,0,2,0,0,1
MT,Glacier,5,0,6,1,7,14
MT,Golden Valley,0,0,1,0,0,0
MT,Granite,2,0,3,1,4,3
MT,Hill,1,1,9,2,15,13
MT,Jefferson,3,0,4,0,5,13
MT,Judith Basin,3,0,0,0,0,3
MT,Lake,8,0,16,1,20,26
MT,Lewis and Clark,10,2,19,3,45,60
MT,Liberty,2,0,0,0,1,2
MT,Lincoln,8,0,10,0,12,20
MT,McCone,1,0,1,0,3,1
MT,Madison,3,0,6,2,4,23
MT,Meagher,2,0,1,0,3,6
MT,Mineral,3,0,4,1,2,5
MT,Missoula,21,2,41,10,79,86
MT,Musselshell,2,0,3,1,2,3
MT,Park,5,0,10,2,11,34
MT,Petroleum,1,0,0,0,0,1
MT,Phillips,2,0,3,0,0,4
MT,Pondera,2,0,5,2,3,6
MT,Powder River,1,0,1,0,3,2
MT,Powell,2,0,2,0,3,9
MT,Prairie,1,0,1,0,1,3
MT,Ravalli,12,0,18,3,23,39
MT,Richland,3,0,4,1,10,8
MT,Roosevelt,5,0,8,0,4,7
MT,Rosebud,5,0,4,0,4,10
MT,Sanders,7,0,8,2,7,13
MT,Sheridan,2,0,2,0,2,7
MT,Silver Bow,6,1,12,5,35,41
MT,Stillwater,3,0,6,1,2,9
MT,Sweet Grass,1,0,3,0,1,6
MT,Teton,2,0,4,0,0,6
MT,Toole,3,0,0,0,2,10
MT,Treasure,0,0,0,0,0,2
MT,Valley,3,0,4,1,8,9
MT,Wheatland,2,0,1,0,1,2
MT,Wibaux,1,0,2,0,1,2
MT,Yellowstone,19,4,71,13,116,110
NE,Adams,8,1,12,2,28,20
NE,Antelope,5,0,7,0,3,6
NE,Arthur,1,0,0,0,0,1
NE,Banner,0,0,0,0,0,0
NE,Blaine,0,0,1,0,0,1
NE,Boone,4,0,6,1,2,5
NE,Box Butte,4,0,6,0,5,13
NE,Boyd,3,0,1,0,0,3
NE,Brown,3,0,4,0,0,4
NE,Buffalo,7,1,29,4,40,36
NE,Burt,2,0,4,0,2,9
NE,Butler,2,0,4,1,1,6
NE,Cass,6,0,14,0,14,13
NE,Cedar,4,0,6,3,2,7
NE,Chase,3,0,2,0,2,5
NE,Cherry,3,0,7,0,4,6
NE,Cheyenne,3,1,6,0,7,11
NE,Clay,6,0,2,0,1,5
NE,Colfax,5,0,4,3,3,13
NE,Cuming,4,0,9,0,7,11
NE,Custer,8,0,7,1,2,11
NE,Dakota,5,1,7,0,14,11
NE,Dawes,2,1,7,0,6,8
NE,Dawson,5,1,12,1,18,21
NE,Deuel,1,0,3,0,0,3
NE,Dixon,2,0,2,0,1,6
NE,Dodge,7,1,20,3,28,27
NE,Douglas,86,10,161,44,379,390
NE,Dundy,1,0,0,0,1,3
NE,Fillmore,6,0,4,1,4,8
NE,Franklin,2,0,4,1,0,2
NE,Frontier,4,0,1,0,0,2
NE,Furnas,4,0,5,0,2,4
NE,Gage,4,1,12,4,12,14
NE,Garden,1,0,2,0,1,1
NE,Garfield,2,0,3,0,1,4
NE,Gosper,2,0,1,0,0,1
NE,Grant,1,0,1,0,0,1
NE,Greeley,3,0,1,0,0,1
NE,Hall,10,3,28,5,40,46
NE,Hamilton,2,0,4,1,2,4
NE,Harlan,1,0,2,0,2,6
NE,Hayes,1,0,0,0,1,0
NE,Hitchcock,2,0,3,0,0,4
NE,Holt,9,0,12,0,5,12
NE,Hooker,1,0,0,0,1,1
NE,Howard,3,0,5,1,1,5
NE,Jefferson,2,1,3,1,4,9
NE,Johnson,3,0,3,0,0,6
NE,Kearney,3,0,2,0,3,2
NE,Keith,3,0,10,1,9,13
NE,Keya Paha,1,0,1,0,0,1
NE,Kimball,1,0,3,0,2,5
NE,Knox,6,0,9,0,0,10
NE,Lancaster,38,5,101,19,245,164
NE,Lincoln,7,1,24,4,25,23
NE,Logan,1,0,1,0,1,0
NE,Loup,0,0,1,0,0,0
NE,McPherson,1,0,0,0,0,2
NE,Madison,7,1,15,3,31,22
NE,Merrick,2,0,7,0,6,4
NE,Morrill,3,0,3,0,7,3
NE,Nance,2,0,4,0,1,3
NE,Nemaha,4,0,5,1,5,8
NE,Nuckolls,2,0,3,0,0,5
NE,Otoe,4,1,12,1,9,12
NE,Pawnee,2,0,1,0,2,0
NE,Perkins,1,0,3,0,0,2
NE,Phelps,3,0,5,0,8,6
NE,Pierce,5,0,6,0,2,2
NE,Platte,6,1,21,3,21,17
NE,Polk,4,0,3,0,1,5
NE,Red Willow,2,1,3,3,10,6
NE,Richardson,2,0,5,0,5,7
NE,Rock,1,0,1,0,0,3
NE,Saline,7,1,7,3,7,9
NE,Sarpy,14,3,48,7,91,69
NE,Saunders,6,0,13,3,8,16
NE,Scotts Bluff,6,1,14,2,30,40
NE,Seward,5,1,13,4,9,6
NE,Sheridan,5,0,4,0,3,5
NE,Sherman,2,0,1,0,0,4
NE,Sioux,0,0,0,0,0,0
NE,Stanton,1,0,2,0,1,5
NE,Thayer,4,0,4,1,1,8
NE,Thomas,1,0,0,0,0,2
NE,Thurston,1,0,3,1,3,1
NE,Valley,3,0,3,1,4,5
NE,Washington,2,0,7,0,9,16
NE,Wayne,4,0,4,1,9,5
NE,Webster,2,0,4,0,1,3
NE,Wheeler,0,0,2,0,0,3
NE,York,3,1,5,2,13,17
NV,Churchill,2,1,10,1,15,13
NV,Clark,267,26,619,106,1585,1119
NV,Douglas,5,1,19,2,33,49
NV,Elko,10,1,18,1,30,29
NV,Esmeralda,1,0,0,0,0,1
NV,Eureka,2,0,2,0,1,1
NV,Humboldt,4,1,16,0,7,18
NV,Lander,2,0,5,0,1,5
NV,Lincoln,4,0,5,0,2,3
NV,Lyon,5,1,21,1,23,19
NV,Mineral,1,0,4,0,2,4
NV,Nye,7,1,27,0,18,19
NV,Pershing,1,0,5,0,3,5
NV,Storey,0,0,1,2,1,8
NV,Washoe,65,8,150,30,337,299
NV,White Pine,3,0,6,1,3,8
NV,Carson City,12,2,20,5,49,50
NH,Belknap,15,1,41,11,44,81
NH,Carroll,17,0,47,6,49,109
NH,Cheshire,21,0,56,2,41,66
NH,Coos,13,1,32,1,22,36
NH,Grafton,32,3,61,10,65,123
NH,Hillsborough,65,5,164,32,298,308
NH,Merrimack,25,3,80,15,111,107
NH,Rockingham,44,6,151,43,305,273
NH,Strafford,20,2,74,7,83,88
NH,Sullivan,7,1,31,1,21,21
NJ,Atlantic,84,2,78,35,185,305
NJ,Bergen,249,3,211,162,720,740
NJ,Burlington,72,3,110,46,324,234
NJ,Camden,143,1,136,62,383,272
NJ,Cape May,38,0,35,49,178,257
NJ,Cumberland,40,2,51,11,99,77
NJ,Essex,328,0,142,105,505,447
NJ,Gloucester,49,6,91,46,184,138
NJ,Hudson,247,3,154,84,469,374
NJ,Hunterdon,22,2,31,21,89,111
NJ,Mercer,116,2,99,42,272,270
NJ,Middlesex,222,4,205,94,586,501
NJ,Monmouth,159,5,166,78,482,617
NJ,Morris,99,5,92,56,404,414
NJ,Ocean,105,5,147,80,398,385
NJ,Passaic,229,2,93,72,329,277
NJ,Salem,15,0,20,4,38,28
NJ,Somerset,65,3,67,37,240,254
NJ,Sussex,27,0,46,14,84,104
NJ,Union,148,3,125,73,319,378
NJ,Warren,29,0,29,11,87,70
NM,Bernalillo,77,13,197,62,500,399
NM,Catron,3,0,2,0,1,5
NM,Chaves,7,2,26,6,36,51
NM,Cibola,3,1,12,0,14,10
NM,Colfax,4,0,14,0,14,23
NM,Curry,3,1,25,2,29,33
NM,De Baca,1,0,2,0,1,2
NM,Do√±a Ana,24,3,56,7,117,116
NM,Eddy,6,2,30,5,32,36
NM,Grant,6,1,13,4,18,23
NM,Guadalupe,1,0,8,0,3,8
NM,Harding,1,0,0,0,0,1
NM,Hidalgo,3,0,7,0,4,2
NM,Lea,7,1,35,4,40,44
NM,Lincoln,3,1,12,2,19,38
NM,Los Alamos,2,0,5,0,8,13
NM,Luna,2,1,14,1,17,22
NM,McKinley,13,1,53,1,45,44
NM,Mora,2,0,3,0,1,2
NM,Otero,7,1,25,1,34,34
NM,Quay,2,0,9,0,8,7
NM,Rio Arriba,6,1,24,1,25,23
NM,Roosevelt,1,1,7,0,10,10
NM,Sandoval,11,2,28,6,58,43
NM,San Juan,9,3,68,6,88,57
NM,San Miguel,5,1,16,1,14,19
NM,Santa Fe,21,2,34,15,90,163
NM,Sierra,2,1,8,1,10,12
NM,Socorro,3,1,9,1,9,11
NM,Taos,7,0,15,5,30,52
NM,Torrance,5,0,11,0,7,9
NM,Union,1,0,3,0,2,7
NM,Valencia,11,2,21,3,40,24
NY,Albany,82,3,119,33,300,332
NY,Allegany,14,0,26,3,21,35
NY,Bronx,971,0,135,187,805,494
NY,Broome,37,2,85,14,151,176
NY,Cattaraugus,21,1,34,6,44,74
NY,Cayuga,14,2,28,8,53,66
NY,Chautauqua,34,3,54,12,89,131
NY,Chemung,11,1,47,14,56,69
NY,Chenango,11,1,33,5,19,45
NY,Clinton,22,2,61,8,37,69
NY,Columbia,23,0,37,5,36,68
NY,Cortland,12,0,21,3,32,44
NY,Delaware,13,0,38,3,28,53
NY,Dutchess,99,3,104,26,199,309
NY,Erie,234,6,327,105,691,714
NY,Essex,21,1,24,4,20,69
NY,Franklin,14,1,33,2,26,40
NY,Fulton,11,0,23,4,38,52
NY,Genesee,9,2,24,5,31,46
NY,Greene,11,1,33,4,29,74
NY,Hamilton,3,0,9,0,4,18
NY,Herkimer,14,1,26,4,38,67
NY,Jefferson,26,2,55,16,94,118
NY,Kings,1804,2,238,628,1621,1494
NY,Lewis,5,1,14,3,12,26
NY,Livingston,12,1,34,0,38,52
NY,Madison,16,1,22,6,42,72
NY,Monroe,177,9,251,56,499,551
NY,Montgomery,12,0,26,3,33,46
NY,Nassau,567,7,391,290,1064,1194
NY,New York,1230,0,131,504,2250,4118
NY,Niagara,32,1,80,16,139,163
NY,Oneida,57,4,89,28,123,203
NY,Onondaga,118,6,172,31,333,345
NY,Ontario,19,3,41,14,83,100
NY,Orange,126,5,129,46,235,313
NY,Orleans,10,1,18,0,17,18
NY,Oswego,24,2,58,10,67,90
NY,Otsego,18,2,38,5,40,73
NY,Putnam,35,0,30,8,67,84
NY,Queens,1261,3,327,429,1583,1517
NY,Rensselaer,32,1,60,7,105,101
NY,Richmond,194,1,71,59,258,283
NY,Rockland,96,2,67,49,235,272
NY,St. Lawrence,30,2,58,5,51,103
NY,Saratoga,27,3,92,12,141,204
NY,Schenectady,31,2,69,7,111,93
NY,Schoharie,2,1,18,2,13,31
NY,Schuyler,1,1,7,1,7,22
NY,Seneca,8,0,15,1,19,28
NY,Steuben,22,1,56,5,44,83
NY,Suffolk,508,9,523,261,1101,1235
NY,Sullivan,29,1,53,6,52,84
NY,Tioga,12,0,18,2,21,35
NY,Tompkins,18,0,33,8,71,99
NY,Ulster,48,2,98,22,130,230
NY,Warren,29,2,45,8,61,152
NY,Washington,10,0,25,4,33,48
NY,Wayne,15,1,43,7,57,58
NY,Westchester,431,6,208,159,698,920
NY,Wyoming,9,0,19,0,25,26
NY,Yates,10,0,9,2,9,23
NC,Alamance,23,4,85,6,115,113
NC,Alexander,4,1,12,0,14,20
NC,Alleghany,4,0,8,2,5,13
NC,Anson,5,1,19,3,12,12
NC,Ashe,4,1,16,3,16,22
NC,Avery,6,0,11,1,9,22
NC,Beaufort,10,1,32,3,26,35
NC,Bertie,6,0,13,0,7,5
NC,Bladen,8,0,22,0,20,12
NC,Brunswick,22,3,49,12,76,120
NC,Buncombe,49,3,128,13,190,261
NC,Burke,17,0,49,5,53,45
NC,Cabarrus,28,7,78,16,140,124
NC,Caldwell,15,1,48,2,59,38
NC,Camden,1,0,5,0,3,2
NC,Carteret,14,1,42,9,55,100
NC,Caswell,2,0,14,2,5,7
NC,Catawba,25,3,87,4,132,126
NC,Chatham,14,1,36,1,23,38
NC,Cherokee,6,1,14,0,22,20
NC,Chowan,5,0,9,2,11,9
NC,Clay,1,0,6,1,3,7
NC,Cleveland,21,1,67,4,69,60
NC,Columbus,12,1,32,4,47,31
NC,Craven,18,2,68,7,70,59
NC,Cumberland,46,6,155,12,240,187
NC,Currituck,9,0,19,7,22,28
NC,Dare,17,0,41,18,67,122
NC,Davidson,32,2,94,8,70,110
NC,Davie,4,1,20,1,21,24
NC,Duplin,13,0,37,2,28,28
NC,Durham,49,4,115,11,243,219
NC,Edgecombe,11,1,39,3,29,18
NC,Forsyth,65,7,177,20,244,280
NC,Franklin,9,0,37,0,28,13
NC,Gaston,30,5,117,5,144,120
NC,Gates,2,0,7,2,1,4
NC,Graham,2,0,6,0,4,4
NC,Granville,9,0,40,0,33,19
NC,Greene,2,0,14,0,5,4
NC,Guilford,94,8,246,24,389,416
NC,Halifax,22,1,49,4,43,32
NC,Harnett,16,1,56,0,55,41
NC,Haywood,10,0,44,3,38,63
NC,Henderson,23,2,53,7,59,70
NC,Hertford,7,0,18,4,14,12
NC,Hoke,7,0,20,0,12,6
NC,Hyde,1,0,6,3,1,12
NC,Iredell,30,4,86,11,127,137
NC,Jackson,8,1,22,4,26,41
NC,Johnston,34,5,84,5,113,92
NC,Jones,2,0,6,0,3,2
NC,Lee,16,1,36,5,46,37
NC,Lenoir,17,1,39,1,42,28
NC,Lincoln,12,1,48,3,48,44
NC,McDowell,9,0,32,4,22,25
NC,Macon,8,0,23,2,27,48
NC,Madison,3,0,6,1,8,11
NC,Martin,5,0,17,3,17,14
NC,Mecklenburg,187,12,314,59,723,846
NC,Mitchell,2,1,7,0,11,16
NC,Montgomery,4,1,19,0,14,15
NC,Moore,16,1,43,4,45,88
NC,Nash,21,3,83,4,80,65
NC,New Hanover,41,4,89,19,183,245
NC,Northampton,5,0,12,0,4,9
NC,Onslow,20,3,65,9,116,91
NC,Orange,21,1,43,8,88,125
NC,Pamlico,4,0,6,1,9,8
NC,Pasquotank,8,1,24,6,27,35
NC,Pender,7,0,18,3,29,23
NC,Perquimans,2,0,5,0,3,6
NC,Person,6,1,30,0,28,13
NC,Pitt,29,2,86,7,146,114
NC,Polk,5,0,6,1,9,21
NC,Randolph,22,2,70,11,73,77
NC,Richmond,11,1,37,3,23,23
NC,Robeson,27,3,82,3,73,60
NC,Rockingham,16,3,69,2,52,59
NC,Rowan,19,1,71,5,77,93
NC,Rutherford,15,1,42,4,38,46
NC,Sampson,12,1,32,2,32,27
NC,Scotland,8,1,30,1,22,16
NC,Stanly,12,2,28,7,42,44
NC,Stokes,9,0,26,0,18,23
NC,Surry,17,1,48,7,52,65
NC,Swain,4,0,16,2,18,19
NC,Transylvania,6,0,15,3,22,30
NC,Tyrrell,2,0,4,0,0,1
NC,Union,28,2,67,5,110,86
NC,Vance,8,1,54,2,31,23
NC,Wake,167,19,344,40,737,685
NC,Warren,3,0,15,0,7,5
NC,Washington,3,0,7,1,8,6
NC,Watauga,10,0,23,3,39,68
NC,Wayne,19,4,73,10,71,74
NC,Wilkes,15,0,53,3,34,52
NC,Wilson,18,1,51,5,58,52
NC,Yadkin,9,0,23,1,19,29
NC,Yancey,3,0,10,0,8,9
ND,Adams,2,0,2,2,1,4
ND,Barnes,4,0,5,0,7,15
ND,Benson,2,0,2,1,0,5
ND,Billings,0,0,2,0,1,4
ND,Bottineau,3,1,7,2,4,14
ND,Bowman,4,0,3,1,2,5
ND,Burke,2,0,0,0,1,2
ND,Burleigh,7,3,26,10,48,55
ND,Cass,19,3,52,11,94,99
ND,Cavalier,4,0,2,1,3,6
ND,Dickey,4,0,3,0,3,6
ND,Divide,1,0,0,0,0,5
ND,Dunn,1,0,2,0,1,3
ND,Eddy,1,0,1,0,0,2
ND,Emmons,4,0,2,1,3,6
ND,Foster,1,0,2,1,2,1
ND,Golden Valley,1,0,1,0,3,1
ND,Grand Forks,8,3,28,4,46,43
ND,Grant,1,0,1,1,0,3
ND,Griggs,0,0,1,0,2,6
ND,Hettinger,3,0,3,0,1,2
ND,Kidder,3,0,0,0,1,3
ND,LaMoure,4,0,3,2,1,5
ND,Logan,1,0,3,1,1,7
ND,McHenry,3,0,1,0,0,4
ND,McIntosh,2,0,1,0,1,5
ND,McKenzie,2,0,4,0,1,5
ND,McLean,2,0,9,0,1,14
ND,Mercer,3,0,6,0,4,9
ND,Morton,6,0,11,5,10,12
ND,Mountrail,5,0,5,0,3,7
ND,Nelson,4,0,4,0,1,3
ND,Oliver,0,0,1,0,0,0
ND,Pembina,5,0,5,0,5,7
ND,Pierce,1,0,4,0,3,5
ND,Ramsey,3,0,6,1,10,10
ND,Ransom,2,0,6,0,1,6
ND,Renville,2,0,1,0,1,3
ND,Richland,4,1,9,0,10,13
ND,Rolette,6,0,7,0,6,5
ND,Sargent,4,0,2,0,1,5
ND,Sheridan,1,0,1,0,0,3
ND,Sioux,1,0,4,0,2,0
ND,Slope,0,0,0,0,0,2
ND,Stark,4,1,14,2,17,20
ND,Steele,2,0,2,0,0,2
ND,Stutsman,3,0,12,2,13,19
ND,Towner,0,0,1,0,1,3
ND,Traill,6,0,4,0,5,6
ND,Walsh,7,0,7,2,5,13
ND,Ward,9,1,22,6,34,43
ND,Wells,6,0,3,0,3,9
ND,Williams,5,1,16,2,19,11
OH,Adams,5,1,18,1,14,10
OH,Allen,14,3,47,3,101,53
OH,Ashland,10,1,22,2,26,27
OH,Ashtabula,19,2,46,11,73,74
OH,Athens,12,1,25,1,62,31
OH,Auglaize,12,1,16,2,38,26
OH,Belmont,17,2,39,2,51,35
OH,Brown,7,0,26,0,28,26
OH,Butler,54,7,131,10,241,200
OH,Carroll,4,0,7,4,17,13
OH,Champaign,8,1,10,4,21,20
OH,Clark,23,3,55,7,104,49
OH,Clermont,21,7,79,10,118,103
OH,Clinton,10,1,18,1,32,20
OH,Columbiana,19,2,55,10,74,54
OH,Coshocton,6,1,15,2,20,18
OH,Crawford,8,1,20,3,34,22
OH,Cuyahoga,317,8,504,140,1037,888
OH,Darke,8,1,19,5,31,26
OH,Defiance,5,3,21,3,24,28
OH,Delaware,17,5,42,9,150,127
OH,Erie,12,3,42,6,78,80
OH,Fairfield,16,5,42,7,82,70
OH,Fayette,9,1,16,4,33,16
OH,Franklin,237,16,417,85,1049,710
OH,Fulton,6,1,19,4,25,28
OH,Gallia,6,1,21,3,25,8
OH,Geauga,9,2,34,8,56,67
OH,Greene,23,4,47,8,124,100
OH,Guernsey,11,2,23,0,36,20
OH,Hamilton,160,13,333,84,610,610
OH,Hancock,11,3,31,4,59,62
OH,Hardin,4,1,18,1,18,13
OH,Harrison,6,0,8,0,9,11
OH,Henry,5,1,13,2,15,19
OH,Highland,6,2,31,1,27,17
OH,Hocking,7,1,11,3,12,18
OH,Holmes,9,1,14,5,12,16
OH,Huron,15,1,27,4,51,23
OH,Jackson,9,1,16,1,22,17
OH,Jefferson,22,1,33,4,47,49
OH,Knox,12,1,19,5,33,32
OH,Lake,38,5,97,16,203,181
OH,Lawrence,11,2,25,2,38,20
OH,Licking,24,3,53,8,122,76
OH,Logan,15,1,15,2,36,26
OH,Lorain,53,6,113,12,208,161
OH,Lucas,70,10,238,36,350,343
OH,Madison,6,1,14,3,24,16
OH,Mahoning,55,1,99,15,173,170
OH,Marion,12,2,22,3,46,26
OH,Medina,21,2,63,7,99,91
OH,Meigs,3,0,15,0,14,7
OH,Mercer,7,1,21,5,25,31
OH,Miami,10,3,39,3,78,54
OH,Monroe,2,0,13,2,6,6
OH,Montgomery,80,10,218,35,436,314
OH,Morgan,2,0,7,0,2,9
OH,Morrow,7,0,12,0,13,9
OH,Muskingum,15,3,46,7,73,44
OH,Noble,4,0,6,0,9,6
OH,Ottawa,11,1,23,6,36,53
OH,Paulding,5,0,7,1,11,8
OH,Perry,8,0,15,0,17,13
OH,Pickaway,9,1,30,3,28,17
OH,Pike,3,1,23,0,19,15
OH,Portage,20,2,55,5,113,74
OH,Preble,4,1,13,0,23,21
OH,Putnam,7,1,16,5,21,20
OH,Richland,23,4,46,12,100,80
OH,Ross,14,3,34,2,57,35
OH,Sandusky,11,2,28,3,42,31
OH,Scioto,13,1,45,0,60,40
OH,Seneca,12,1,28,0,24,33
OH,Shelby,9,1,27,4,26,28
OH,Stark,64,6,135,29,294,256
OH,Summit,87,3,189,31,444,335
OH,Trumbull,43,3,90,14,161,133
OH,Tuscarawas,13,1,32,10,80,66
OH,Union,6,1,17,4,27,28
OH,Van Wert,6,1,14,0,17,16
OH,Vinton,1,0,9,0,5,0
OH,Warren,29,5,63,10,118,106
OH,Washington,15,1,37,4,47,33
OH,Wayne,24,1,35,9,55,69
OH,Williams,6,1,24,0,25,17
OH,Wood,21,4,45,8,99,91
OH,Wyandot,9,1,12,0,15,17
OK,Adair,6,1,12,0,8,8
OK,Alfalfa,2,0,4,0,1,4
OK,Atoka,4,0,10,1,6,10
OK,Beaver,1,0,6,0,0,5
OK,Beckham,5,0,20,0,16,24
OK,Blaine,5,0,13,0,5,10
OK,Bryan,5,1,27,0,26,23
OK,Caddo,6,1,24,0,11,13
OK,Canadian,16,3,35,1,61,55
OK,Carter,8,1,39,4,31,31
OK,Cherokee,6,1,29,1,28,24
OK,Choctaw,1,1,11,0,10,14
OK,Cimarron,1,0,2,0,3,3
OK,Cleveland,43,5,86,8,171,158
OK,Coal,3,0,3,0,1,3
OK,Comanche,8,3,53,4,75,61
OK,Cotton,2,0,5,0,2,3
OK,Craig,3,1,9,0,5,12
OK,Creek,7,2,37,2,34,39
OK,Custer,6,0,18,1,19,29
OK,Delaware,3,1,28,0,12,29
OK,Dewey,1,0,10,0,1,4
OK,Ellis,3,0,5,0,0,5
OK,Garfield,11,1,41,3,41,36
OK,Garvin,10,1,19,0,16,19
OK,Grady,5,1,37,0,21,25
OK,Grant,3,0,4,0,2,1
OK,Greer,3,0,4,0,1,4
OK,Harmon,2,0,3,0,0,1
OK,Harper,2,0,3,0,1,4
OK,Haskell,2,1,12,1,4,8
OK,Hughes,4,0,11,0,10,4
OK,Jackson,2,1,16,3,17,17
OK,Jefferson,2,0,8,0,2,6
OK,Johnston,1,0,11,0,3,4
OK,Kay,10,1,25,0,33,33
OK,Kingfisher,2,1,13,0,10,14
OK,Kiowa,6,0,6,1,4,6
OK,Latimer,2,0,4,0,2,4
OK,Le Flore,6,1,36,2,20,22
OK,Lincoln,5,0,15,0,21,19
OK,Logan,2,0,21,2,14,25
OK,Love,2,0,4,0,2,7
OK,McClain,2,2,21,1,24,21
OK,McCurtain,8,1,25,0,10,16
OK,McIntosh,5,0,10,1,8,14
OK,Major,3,0,11,0,2,6
OK,Marshall,4,0,13,0,8,10
OK,Mayes,7,1,26,1,24,31
OK,Murray,2,0,7,1,12,8
OK,Muskogee,11,1,39,5,53,41
OK,Noble,1,0,5,0,4,7
OK,Nowata,2,0,4,0,2,7
OK,Okfuskee,3,0,4,0,2,8
OK,Oklahoma,171,15,206,38,641,553
OK,Okmulgee,8,1,25,0,20,21
OK,Osage,3,1,22,2,17,17
OK,Ottawa,3,1,16,1,15,20
OK,Pawnee,2,0,9,0,12,5
OK,Payne,4,2,29,2,48,46
OK,Pittsburg,6,1,37,2,29,30
OK,Pontotoc,5,1,18,1,16,27
OK,Pottawatomie,7,1,29,6,90,34
OK,Pushmataha,5,0,9,1,8,7
OK,Roger Mills,1,0,7,0,0,4
OK,Rogers,6,1,28,4,41,34
OK,Seminole,5,1,14,2,15,7
OK,Sequoyah,7,1,26,0,18,22
OK,Stephens,10,1,28,2,26,29
OK,Texas,4,1,11,1,9,24
OK,Tillman,3,0,8,1,2,4
OK,Tulsa,76,12,198,38,504,474
OK,Wagoner,1,2,30,1,24,22
OK,Washington,8,1,24,3,32,39
OK,Washita,3,0,10,1,3,8
OK,Woods,3,1,7,1,8,7
OK,Woodward,4,1,18,1,17,18
OR,Baker,8,1,8,2,7,22
OR,Benton,13,3,23,5,60,63
OR,Clackamas,58,11,106,28,246,281
OR,Clatsop,15,2,20,13,33,94
OR,Columbia,7,1,19,3,23,32
OR,Coos,20,4,27,10,36,64
OR,Crook,6,1,11,2,12,13
OR,Curry,8,1,7,2,14,35
OR,Deschutes,34,8,47,16,128,186
OR,Douglas,27,4,62,10,82,84
OR,Gilliam,3,0,1,0,1,2
OR,Grant,3,0,6,1,5,7
OR,Harney,2,0,4,0,7,14
OR,Hood River,9,0,11,7,26,34
OR,Jackson,34,7,77,18,149,182
OR,Jefferson,6,1,7,0,13,11
OR,Josephine,15,3,33,6,42,67
OR,Klamath,14,3,30,10,49,61
OR,Lake,2,0,7,0,7,14
OR,Lane,61,18,142,30,278,287
OR,Lincoln,17,2,20,11,34,106
OR,Linn,20,5,49,9,60,72
OR,Malheur,5,2,8,2,23,35
OR,Marion,44,11,113,31,221,228
OR,Morrow,3,0,0,0,2,4
OR,Multnomah,126,19,275,69,645,1039
OR,Polk,11,1,23,5,36,37
OR,Sherman,2,0,3,0,0,3
OR,Tillamook,10,1,19,6,12,50
OR,Umatilla,14,4,25,6,43,62
OR,Union,8,2,11,2,18,22
OR,Wallowa,6,0,4,0,4,17
OR,Wasco,6,2,9,3,22,31
OR,Washington,80,17,140,47,372,397
OR,Wheeler,1,0,0,0,0,1
OR,Yamhill,15,3,34,6,47,65
PA,Adams,15,0,25,13,60,68
PA,Allegheny,195,13,403,94,904,1017
PA,Armstrong,17,0,27,4,30,38
PA,Beaver,26,2,62,12,104,84
PA,Bedford,13,0,24,5,23,39
PA,Berks,76,4,134,45,234,266
PA,Blair,17,3,47,17,92,81
PA,Bradford,14,0,39,7,31,43
PA,Bucks,95,4,161,78,443,467
PA,Butler,32,4,67,16,124,119
PA,Cambria,31,2,46,10,100,78
PA,Cameron,1,0,2,0,1,7
PA,Carbon,12,0,23,7,31,49
PA,Centre,15,3,42,12,91,100
PA,Chester,66,4,112,40,326,318
PA,Clarion,14,1,24,4,20,43
PA,Clearfield,15,1,36,6,44,59
PA,Clinton,5,1,16,1,20,27
PA,Columbia,12,1,26,5,53,50
PA,Crawford,24,2,27,7,45,68
PA,Cumberland,38,4,72,22,151,156
PA,Dauphin,50,4,114,19,189,211
PA,Delaware,111,1,149,89,361,290
PA,Elk,9,1,17,3,14,25
PA,Erie,40,5,96,21,167,213
PA,Fayette,30,2,48,9,82,89
PA,Forest,2,0,2,0,3,10
PA,Franklin,28,2,44,10,93,90
PA,Fulton,1,0,8,1,6,5
PA,Greene,12,1,20,0,22,17
PA,Huntingdon,8,1,23,2,19,26
PA,Indiana,10,2,32,7,48,50
PA,Jefferson,10,1,15,5,27,36
PA,Juniata,5,0,10,3,12,13
PA,Lackawanna,41,2,90,28,146,211
PA,Lancaster,109,4,151,72,285,282
PA,Lawrence,10,1,42,3,53,61
PA,Lebanon,36,2,45,12,71,71
PA,Lehigh,71,3,121,33,219,252
PA,Luzerne,63,3,134,24,203,285
PA,Lycoming,21,1,51,15,70,100
PA,McKean,10,1,25,3,23,36
PA,Mercer,19,2,36,12,72,93
PA,Mifflin,16,1,17,5,20,32
PA,Monroe,28,3,61,13,96,157
PA,Montgomery,135,7,210,90,609,609
PA,Montour,4,0,8,1,11,13
PA,Northampton,54,2,107,21,176,241
PA,Northumberland,17,1,37,6,41,71
PA,Perry,10,0,17,1,17,25
PA,Philadelphia,501,3,336,192,1223,992
PA,Pike,11,1,20,5,18,38
PA,Potter,8,0,10,0,5,14
PA,Schuylkill,34,2,59,15,71,120
PA,Snyder,14,0,10,7,21,35
PA,Somerset,18,1,28,5,34,47
PA,Sullivan,4,0,5,1,3,8
PA,Susquehanna,12,0,17,4,17,28
PA,Tioga,8,1,18,3,14,44
PA,Union,5,1,16,4,25,31
PA,Venango,15,1,23,5,24,37
PA,Warren,8,1,20,1,15,34
PA,Washington,37,2,68,16,125,125
PA,Wayne,15,1,21,5,21,55
PA,Westmoreland,50,6,116,28,229,250
PA,Wyoming,10,0,19,2,8,28
PA,York,66,7,131,38,272,227
RI,Bristol,7,0,11,4,32,56
RI,Kent,23,3,68,17,125,179
RI,Newport,8,1,35,8,68,133
RI,Providence,125,1,219,58,460,528
RI,Washington,33,1,47,10,109,164
SC,Abbeville,4,0,13,1,10,10
SC,Aiken,30,3,90,6,90,86
SC,Allendale,4,0,9,0,6,0
SC,Anderson,26,3,120,5,149,124
SC,Bamberg,3,0,11,0,10,4
SC,Barnwell,4,1,17,1,14,11
SC,Beaufort,36,2,64,12,100,246
SC,Berkeley,19,3,60,9,96,79
SC,Calhoun,1,0,10,0,3,4
SC,Charleston,87,7,155,39,327,408
SC,Cherokee,9,1,43,3,40,36
SC,Chester,12,0,29,1,14,17
SC,Chesterfield,11,1,27,1,25,31
SC,Clarendon,6,1,35,0,22,18
SC,Colleton,13,1,40,1,23,21
SC,Darlington,14,1,51,3,33,31
SC,Dillon,9,0,28,3,21,16
SC,Dorchester,18,1,47,5,74,55
SC,Edgefield,3,0,11,0,8,12
SC,Fairfield,2,1,16,0,5,7
SC,Florence,42,2,106,13,119,83
SC,Georgetown,16,1,40,8,49,80
SC,Greenville,84,8,208,23,403,395
SC,Greenwood,15,1,48,1,43,54
SC,Hampton,8,0,22,1,15,12
SC,Horry,51,8,173,20,303,471
SC,Jasper,4,1,25,3,14,14
SC,Kershaw,9,1,39,0,33,30
SC,Lancaster,18,1,45,3,33,31
SC,Laurens,10,0,52,2,31,24
SC,Lee,4,0,10,1,8,6
SC,Lexington,43,7,134,16,188,194
SC,McCormick,2,0,8,0,4,3
SC,Marion,9,1,27,3,17,16
SC,Marlboro,8,0,28,3,12,8
SC,Newberry,6,1,34,1,22,31
SC,Oconee,14,1,39,0,49,42
SC,Orangeburg,24,1,75,3,65,53
SC,Pickens,13,1,58,6,81,80
SC,Richland,56,6,169,22,297,250
SC,Saluda,3,0,10,1,3,8
SC,Spartanburg,43,6,160,14,198,201
SC,Sumter,15,1,77,7,60,52
SC,Union,8,0,26,0,13,16
SC,Williamsburg,9,0,24,2,11,12
SC,York,37,4,111,8,162,129
SD,Aurora,2,0,1,1,2,4
SD,Beadle,4,1,16,1,11,14
SD,Bennett,2,0,2,1,1,1
SD,Bon Homme,3,0,5,0,2,4
SD,Brookings,1,1,19,3,21,24
SD,Brown,7,1,17,6,31,22
SD,Brule,2,0,9,0,7,5
SD,Buffalo,0,0,1,0,0,0
SD,Butte,4,0,6,2,4,9
SD,Campbell,0,0,1,0,0,4
SD,Charles Mix,5,0,13,1,6,6
SD,Clark,2,0,2,1,1,2
SD,Clay,2,1,7,0,7,12
SD,Codington,4,1,19,4,23,33
SD,Corson,1,0,1,0,1,2
SD,Custer,3,0,6,1,6,13
SD,Davison,3,1,17,4,16,20
SD,Day,2,0,3,0,3,6
SD,Deuel,3,0,3,0,2,6
SD,Dewey,2,0,6,0,1,3
SD,Douglas,2,0,1,1,0,6
SD,Edmunds,2,0,3,1,0,7
SD,Fall River,3,0,8,0,9,11
SD,Faulk,1,0,1,0,0,4
SD,Grant,3,0,4,0,6,8
SD,Gregory,4,0,5,0,1,8
SD,Haakon,1,0,5,0,2,4
SD,Hamlin,3,0,5,1,1,1
SD,Hand,1,0,2,1,2,2
SD,Hanson,1,0,1,1,0,1
SD,Harding,1,0,2,0,0,0
SD,Hughes,3,1,16,3,12,16
SD,Hutchinson,5,0,6,1,2,8
SD,Hyde,1,0,3,0,0,0
SD,Jackson,2,0,4,0,0,4
SD,Jerauld,1,0,1,1,0,3
SD,Jones,1,0,3,0,2,3
SD,Kingsbury,5,0,3,0,1,5
SD,Lake,1,0,10,0,5,16
SD,Lawrence,5,1,13,3,25,28
SD,Lincoln,5,0,19,8,19,15
SD,Lyman,4,0,4,0,1,3
SD,McCook,5,0,5,0,1,9
SD,McPherson,2,0,3,1,0,2
SD,Marshall,3,0,3,0,1,6
SD,Meade,5,0,13,2,8,20
SD,Mellette,2,0,3,0,1,0
SD,Miner,2,0,1,0,2,1
SD,Minnehaha,23,3,89,15,115,119
SD,Moody,1,0,5,0,1,7
SD,Pennington,23,2,54,4,84,91
SD,Perkins,1,0,4,0,1,5
SD,Potter,3,0,4,0,1,2
SD,Roberts,4,0,7,0,7,10
SD,Sanborn,1,0,3,0,1,2
SD,Shannon,2,0,7,0,2,3
SD,Spink,2,0,4,1,2,6
SD,Stanley,1,0,2,0,1,5
SD,Sully,1,0,1,1,0,5
SD,Todd,3,0,6,0,1,0
SD,Tripp,3,0,5,1,4,7
SD,Turner,3,0,7,0,2,8
SD,Union,3,0,14,0,6,12
SD,Walworth,3,0,5,3,7,7
SD,Yankton,1,1,18,2,17,21
SD,Ziebach,1,0,0,0,0,1
TN,Anderson,14,2,37,4,60,39
TN,Bedford,12,1,28,1,24,20
TN,Benton,4,1,13,0,7,13
TN,Bledsoe,2,0,2,0,1,3
TN,Blount,16,2,68,7,69,74
TN,Bradley,16,2,63,2,76,53
TN,Campbell,11,1,27,0,26,12
TN,Cannon,3,0,7,0,5,5
TN,Carroll,7,1,18,0,14,15
TN,Carter,8,1,24,2,28,19
TN,Cheatham,5,1,18,0,18,18
TN,Chester,5,0,8,0,11,7
TN,Claiborne,6,0,10,2,15,7
TN,Clay,2,0,5,0,3,4
TN,Cocke,7,1,32,2,20,28
TN,Coffee,10,2,43,1,34,50
TN,Crockett,5,0,12,0,4,0
TN,Cumberland,9,1,46,3,32,35
TN,Davidson,132,9,320,28,574,543
TN,Decatur,4,0,11,0,7,13
TN,DeKalb,6,1,8,1,7,14
TN,Dickson,9,1,37,1,33,37
TN,Dyer,9,1,24,1,26,22
TN,Fayette,5,1,21,1,17,16
TN,Fentress,7,1,8,0,8,8
TN,Franklin,8,1,31,0,16,17
TN,Gibson,14,2,37,1,31,27
TN,Giles,5,1,24,0,19,15
TN,Grainger,4,0,13,1,5,4
TN,Greene,12,1,48,4,44,36
TN,Grundy,6,0,12,0,5,4
TN,Hamblen,12,1,40,3,56,35
TN,Hamilton,65,8,184,23,297,263
TN,Hancock,1,0,5,0,3,0
TN,Hardeman,6,1,22,0,8,13
TN,Hardin,8,1,15,0,14,27
TN,Hawkins,9,1,26,1,34,20
TN,Haywood,4,1,13,1,13,9
TN,Henderson,5,1,23,1,15,16
TN,Henry,6,1,22,1,21,23
TN,Hickman,6,0,11,0,6,14
TN,Houston,2,0,5,0,5,7
TN,Humphreys,4,1,14,0,11,21
TN,Jackson,3,0,6,0,2,4
TN,Jefferson,5,1,26,0,29,24
TN,Johnson,4,0,7,0,9,7
TN,Knox,73,8,210,29,355,309
TN,Lake,1,0,3,0,2,5
TN,Lauderdale,8,1,19,0,9,10
TN,Lawrence,6,1,37,2,22,16
TN,Lewis,5,1,10,0,8,6
TN,Lincoln,6,1,25,0,17,17
TN,Loudon,8,1,33,0,30,29
TN,McMinn,6,1,41,2,38,26
TN,McNairy,3,1,17,2,12,16
TN,Macon,6,1,8,0,10,12
TN,Madison,17,3,64,4,82,74
TN,Marion,4,1,18,1,16,23
TN,Marshall,6,1,33,1,18,12
TN,Maury,16,1,51,2,59,57
TN,Meigs,4,0,11,0,1,5
TN,Monroe,8,1,31,2,28,26
TN,Montgomery,16,4,65,6,113,96
TN,Moore,0,0,2,0,1,5
TN,Morgan,5,0,10,0,3,5
TN,Obion,4,1,17,0,22,24
TN,Overton,7,0,8,0,11,12
TN,Perry,4,0,6,0,4,0
TN,Pickett,2,0,5,0,3,3
TN,Polk,2,0,11,0,7,6
TN,Putnam,17,3,49,2,47,60
TN,Rhea,7,1,19,1,21,14
TN,Roane,7,1,33,2,31,22
TN,Robertson,9,2,34,2,34,29
TN,Rutherford,33,4,101,6,171,161
TN,Scott,4,1,11,0,16,3
TN,Sequatchie,0,1,11,0,6,8
TN,Sevier,24,1,75,17,89,143
TN,Shelby,170,14,419,47,674,573
TN,Smith,4,0,13,0,8,10
TN,Stewart,4,0,9,0,5,6
TN,Sullivan,18,4,81,4,150,92
TN,Sumner,27,2,76,7,90,97
TN,Tipton,8,1,31,0,22,24
TN,Trousdale,2,0,7,0,2,5
TN,Unicoi,3,1,9,0,13,10
TN,Union,2,0,11,0,5,4
TN,Van Buren,0,0,3,0,0,1
TN,Warren,11,1,25,0,23,21
TN,Washington,22,4,56,7,108,94
TN,Wayne,6,0,13,0,3,10
TN,Weakley,7,1,17,2,20,20
TN,White,4,1,19,1,14,10
TN,Williamson,32,3,56,13,147,132
TN,Wilson,20,2,48,4,73,68
TX,Anderson,5,1,32,0,19,20
TX,Andrews,1,0,6,0,9,10
TX,Angelina,10,2,40,7,62,37
TX,Aransas,2,1,16,5,12,30
TX,Archer,0,0,7,0,3,2
TX,Armstrong,1,0,1,0,2,0
TX,Atascosa,5,1,26,2,22,27
TX,Austin,4,1,16,2,17,11
TX,Bailey,2,0,5,0,3,3
TX,Bandera,2,0,11,1,7,18
TX,Bastrop,11,1,37,3,31,45
TX,Baylor,1,0,5,0,4,4
TX,Bee,1,1,17,1,15,13
TX,Bell,26,5,161,16,201,152
TX,Bexar,160,24,685,79,1211,1128
TX,Blanco,3,0,8,0,8,14
TX,Borden,0,0,1,0,0,0
TX,Bosque,4,0,11,1,5,7
TX,Bowie,13,3,48,7,84,44
TX,Brazoria,30,7,151,9,164,154
TX,Brazos,21,2,101,8,154,113
TX,Brewster,7,0,5,0,8,12
TX,Briscoe,1,0,2,0,0,2
TX,Brooks,1,0,3,1,7,9
TX,Brown,7,1,34,3,32,25
TX,Burleson,5,0,15,0,9,14
TX,Burnet,4,1,29,4,31,31
TX,Caldwell,3,0,19,0,21,15
TX,Calhoun,6,1,13,0,11,22
TX,Callahan,2,0,11,1,9,7
TX,Cameron,48,7,162,24,208,239
TX,Camp,2,0,6,1,5,6
TX,Carson,1,0,5,2,4,3
TX,Cass,6,1,15,0,13,14
TX,Castro,2,0,6,0,6,6
TX,Chambers,7,0,26,1,16,11
TX,Cherokee,6,1,23,1,32,20
TX,Childress,1,1,6,0,5,10
TX,Clay,2,0,4,0,4,2
TX,Cochran,1,0,2,0,2,2
TX,Coke,1,0,5,0,0,4
TX,Coleman,2,0,9,0,7,10
TX,Collin,83,20,276,34,553,522
TX,Collingsworth,1,0,3,0,5,2
TX,Colorado,6,0,20,2,15,16
TX,Comal,7,1,54,1,69,90
TX,Comanche,3,0,9,1,6,9
TX,Concho,1,0,5,1,2,2
TX,Cooke,6,1,31,4,16,28
TX,Coryell,4,2,23,1,35,26
TX,Cottle,1,0,3,0,2,4
TX,Crane,1,0,4,0,0,4
TX,Crockett,4,0,6,0,6,5
TX,Crosby,3,0,5,0,4,1
TX,Culberson,1,0,4,0,3,3
TX,Dallam,0,0,3,0,6,9
TX,Dallas,360,33,965,117,1837,1554
TX,Dawson,2,0,5,0,13,7
TX,Deaf Smith,2,1,13,1,12,9
TX,Delta,0,0,1,0,1,1
TX,Denton,51,14,207,23,391,324
TX,DeWitt,3,0,15,1,13,13
TX,Dickens,1,0,4,0,3,3
TX,Dimmit,2,0,8,0,7,4
TX,Donley,1,0,4,0,4,3
TX,Duval,3,0,9,0,4,5
TX,Eastland,5,1,21,1,13,12
TX,Ector,17,3,56,10,112,62
TX,Edwards,1,0,2,0,2,1
TX,Ellis,17,3,65,5,75,58
TX,El Paso,111,11,240,44,506,464
TX,Erath,7,1,19,4,33,29
TX,Falls,2,0,10,1,7,7
TX,Fannin,5,1,13,0,16,12
TX,Fayette,6,0,28,4,22,27
TX,Fisher,2,0,1,0,1,2
TX,Floyd,2,0,2,0,6,5
TX,Foard,1,0,1,0,1,2
TX,Fort Bend,67,10,227,23,325,255
TX,Franklin,1,0,4,0,6,4
TX,Freestone,2,0,15,1,12,9
TX,Frio,3,0,13,0,12,13
TX,Gaines,4,0,8,1,9,12
TX,Galveston,41,6,154,20,202,200
TX,Garza,1,0,7,0,6,2
TX,Gillespie,4,1,11,5,13,38
TX,Glasscock,0,0,1,0,0,1
TX,Goliad,1,0,5,0,4,5
TX,Gonzales,3,0,14,1,17,7
TX,Gray,3,1,13,0,15,13
TX,Grayson,18,3,72,6,88,67
TX,Gregg,17,5,91,7,125,83
TX,Grimes,4,0,16,0,8,12
TX,Guadalupe,9,2,60,4,65,43
TX,Hale,5,1,15,0,21,25
TX,Hall,2,0,4,0,3,6
TX,Hamilton,4,0,3,2,7,5
TX,Hansford,2,0,3,0,2,7
TX,Hardeman,2,0,4,1,5,3
TX,Hardin,6,2,36,2,36,16
TX,Harris,719,51,1949,267,2738,2481
TX,Harrison,10,1,41,1,38,30
TX,Hartley,1,0,0,0,0,4
TX,Haskell,2,0,4,0,4,6
TX,Hays,14,3,48,4,104,94
TX,Hemphill,1,0,5,0,2,5
TX,Henderson,14,2,32,2,44,55
TX,Hidalgo,63,10,301,44,338,349
TX,Hill,7,1,31,1,21,18
TX,Hockley,2,1,11,0,14,15
TX,Hood,17,1,39,5,31,35
TX,Hopkins,3,1,27,1,18,19
TX,Houston,5,1,15,0,15,11
TX,Howard,3,1,20,0,26,21
TX,Hudspeth,1,0,4,0,1,3
TX,Hunt,9,3,49,1,39,38
TX,Hutchinson,4,0,15,1,19,15
TX,Irion,1,0,1,0,0,1
TX,Jack,2,0,8,0,7,7
TX,Jackson,2,0,14,0,10,8
TX,Jasper,6,1,22,6,19,17
TX,Jeff Davis,1,0,2,0,0,2
TX,Jefferson,48,4,177,20,156,130
TX,Jim Hogg,4,0,4,0,3,2
TX,Jim Wells,12,1,24,2,24,20
TX,Johnson,16,2,66,3,92,61
TX,Jones,3,0,9,1,7,4
TX,Karnes,4,1,10,0,7,10
TX,Kaufman,8,2,51,3,58,53
TX,Kendall,2,1,21,3,27,33
TX,Kenedy,0,0,0,0,0,0
TX,Kent,1,0,0,0,0,1
TX,Kerr,6,1,32,1,34,37
TX,Kimble,2,0,10,1,2,7
TX,King,0,0,0,0,0,0
TX,Kinney,1,0,3,0,1,1
TX,Kleberg,5,1,16,1,25,24
TX,Knox,2,0,3,0,2,2
TX,Lamar,6,1,30,3,29,32
TX,Lamb,6,0,7,2,8,10
TX,Lampasas,2,1,10,0,14,17
TX,La Salle,2,0,5,0,2,3
TX,Lavaca,4,0,13,3,5,7
TX,Lee,4,0,13,3,11,19
TX,Leon,7,0,13,0,9,10
TX,Liberty,15,2,39,5,39,35
TX,Limestone,6,1,22,1,15,16
TX,Lipscomb,2,0,5,0,1,1
TX,Live Oak,3,0,14,0,7,9
TX,Llano,3,0,18,0,15,11
TX,Loving,0,0,0,0,0,0
TX,Lubbock,21,6,89,15,250,150
TX,Lynn,1,0,2,0,3,3
TX,McCulloch,2,0,7,1,5,9
TX,McLennan,26,4,147,12,194,122
TX,McMullen,0,0,2,0,0,1
TX,Madison,2,0,9,0,10,9
TX,Marion,2,0,9,1,7,6
TX,Martin,1,0,2,0,2,1
TX,Mason,2,0,4,0,5,5
TX,Matagorda,3,1,37,4,23,27
TX,Maverick,11,1,12,2,27,21
TX,Medina,6,1,26,3,21,35
TX,Menard,1,0,2,0,0,3
TX,Midland,12,3,60,7,103,88
TX,Milam,6,1,10,0,16,16
TX,Mills,2,0,2,0,1,4
TX,Mitchell,2,0,7,0,5,6
TX,Montague,4,1,14,0,10,8
TX,Montgomery,45,7,181,21,257,247
TX,Moore,3,1,12,1,15,17
TX,Morris,3,0,6,0,10,6
TX,Motley,1,0,3,0,0,3
TX,Nacogdoches,10,1,33,1,39,36
TX,Navarro,8,1,30,4,27,21
TX,Newton,4,0,15,0,0,4
TX,Nolan,1,1,12,0,10,11
TX,Nueces,21,3,182,25,272,265
TX,Ochiltree,2,0,6,0,3,7
TX,Oldham,2,0,3,0,1,2
TX,Orange,12,1,57,3,57,35
TX,Palo Pinto,8,1,27,0,21,27
TX,Panola,4,0,18,1,10,6
TX,Parker,8,2,54,8,72,55
TX,Parmer,2,0,5,0,4,3
TX,Pecos,5,0,17,1,7,14
TX,Polk,7,1,14,0,19,21
TX,Potter,15,3,61,6,110,110
TX,Presidio,1,0,5,0,7,9
TX,Rains,2,0,5,1,5,6
TX,Randall,5,3,42,3,72,46
TX,Reagan,1,0,3,0,2,2
TX,Real,3,0,2,0,2,4
TX,Red River,5,0,9,0,4,10
TX,Reeves,2,0,7,0,5,8
TX,Refugio,3,0,7,0,9,7
TX,Roberts,1,0,1,0,0,1
TX,Robertson,4,0,19,0,7,11
TX,Rockwall,7,1,24,4,53,56
TX,Runnels,3,0,9,1,6,8
TX,Rusk,5,1,21,0,24,25
TX,Sabine,3,0,7,0,3,5
TX,San Augustine,1,0,6,0,2,4
TX,San Jacinto,3,0,5,1,3,6
TX,San Patricio,9,2,46,2,49,39
TX,San Saba,5,0,7,1,4,4
TX,Schleicher,1,0,2,1,0,2
TX,Scurry,2,0,12,0,20,17
TX,Shackelford,1,0,4,0,3,3
TX,Shelby,5,1,10,0,5,14
TX,Sherman,0,0,1,0,2,1
TX,Smith,21,5,90,13,147,123
TX,Somervell,3,0,10,0,7,9
TX,Starr,10,1,26,4,25,14
TX,Stephens,1,0,6,0,7,8
TX,Sterling,1,0,0,0,1,3
TX,Stonewall,2,0,2,0,1,1
TX,Sutton,0,0,6,0,3,5
TX,Swisher,1,0,4,0,4,6
TX,Tarrant,222,39,805,73,1268,1004
TX,Taylor,13,3,85,2,103,84
TX,Terrell,0,0,2,0,1,1
TX,Terry,1,0,6,0,10,8
TX,Throckmorton,1,0,1,0,0,3
TX,Titus,8,1,26,2,18,15
TX,Tom Green,13,3,58,6,74,78
TX,Travis,125,13,452,60,822,798
TX,Trinity,2,0,7,0,6,7
TX,Tyler,4,1,12,0,8,8
TX,Upshur,3,1,17,2,14,16
TX,Upton,1,0,6,0,4,5
TX,Uvalde,2,1,20,1,17,27
TX,Val Verde,3,1,21,6,29,26
TX,Van Zandt,6,1,32,0,23,34
TX,Victoria,8,2,60,4,66,56
TX,Walker,6,1,36,1,28,33
TX,Waller,5,0,24,4,13,11
TX,Ward,2,0,9,0,11,9
TX,Washington,5,1,22,2,29,25
TX,Webb,46,3,98,14,141,121
TX,Wharton,7,2,34,5,28,26
TX,Wheeler,4,0,6,0,5,8
TX,Wichita,13,4,51,7,100,103
TX,Wilbarger,2,1,8,0,14,8
TX,Willacy,1,1,11,3,7,8
TX,Williamson,35,9,154,17,282,219
TX,Wilson,5,0,19,1,15,25
TX,Winkler,2,0,7,0,3,4
TX,Wise,7,1,28,3,32,43
TX,Wood,4,1,22,1,21,34
TX,Yoakum,2,0,4,1,7,9
TX,Young,3,1,12,1,17,14
TX,Zapata,3,0,14,0,6,10
TX,Zavala,3,0,7,0,6,4
UT,Beaver,2,0,12,0,9,9
UT,Box Elder,4,1,15,3,28,17
UT,Cache,14,4,23,6,66,36
UT,Carbon,5,1,11,1,14,12
UT,Daggett,1,0,0,0,0,0
UT,Davis,22,9,63,18,196,102
UT,Duchesne,5,0,11,1,11,10
UT,Emery,6,0,11,1,8,5
UT,Garfield,2,0,9,0,9,9
UT,Grand,3,0,6,1,10,25
UT,Iron,5,1,21,1,35,31
UT,Juab,1,0,7,0,8,5
UT,Kane,2,0,10,0,5,17
UT,Millard,5,0,11,1,13,5
UT,Morgan,1,0,6,2,4,2
UT,Piute,2,0,1,0,0,4
UT,Rich,1,0,3,0,5,2
UT,Salt Lake,139,22,269,54,789,559
UT,San Juan,2,0,11,0,4,11
UT,Sanpete,4,1,13,1,17,5
UT,Sevier,4,1,12,1,13,14
UT,Summit,14,0,14,2,35,88
UT,Tooele,5,1,16,2,24,15
UT,Uintah,2,1,15,1,18,16
UT,Utah,47,12,96,24,320,163
UT,Wasatch,5,0,7,0,13,11
UT,Washington,16,4,43,13,109,84
UT,Wayne,3,0,2,0,6,6
UT,Weber,30,5,72,16,152,112
VT,Addison,18,0,29,2,17,27
VT,Bennington,12,0,36,3,26,61
VT,Caledonia,14,0,31,4,11,29
VT,Chittenden,40,1,91,14,110,157
VT,Essex,3,0,4,0,1,6
VT,Franklin,17,0,45,2,21,38
VT,Grand Isle,3,0,10,0,2,5
VT,Lamoille,9,0,23,3,14,36
VT,Orange,8,0,27,1,8,21
VT,Orleans,18,0,23,2,13,25
VT,Rutland,21,0,64,5,47,84
VT,Washington,25,0,55,12,25,71
VT,Windham,19,0,41,9,40,79
VT,Windsor,27,0,59,6,25,81
VA,Accomack,10,0,32,4,21,37
VA,Albemarle,25,1,49,3,53,61
VA,Alleghany,3,1,11,0,10,8
VA,Amelia,2,0,8,1,6,6
VA,Amherst,5,1,20,0,17,18
VA,Appomattox,3,0,9,0,4,7
VA,Arlington,41,1,76,11,223,213
VA,Augusta,11,0,38,2,23,27
VA,Bath,1,0,6,0,1,4
VA,Bedford,7,1,26,3,18,35
VA,Bland,1,0,7,0,1,0
VA,Botetourt,5,0,27,0,17,19
VA,Brunswick,2,0,18,0,5,7
VA,Buchanan,7,0,17,1,10,4
VA,Buckingham,2,0,16,0,1,6
VA,Campbell,9,1,39,4,24,19
VA,Caroline,5,0,19,3,10,12
VA,Carroll,2,0,27,3,9,10
VA,Charles City,1,0,3,0,0,1
VA,Charlotte,4,0,7,0,3,4
VA,Chesterfield,45,6,127,14,200,194
VA,Clarke,2,0,10,2,9,9
VA,Craig,2,0,2,0,1,1
VA,Culpeper,11,1,18,4,27,28
VA,Cumberland,1,0,10,0,0,5
VA,Dickenson,5,0,11,0,7,5
VA,Dinwiddie,7,0,17,0,5,8
VA,Essex,2,1,8,0,11,10
VA,Fairfax,194,3,269,54,860,702
VA,Fauquier,12,0,34,4,39,48
VA,Floyd,4,0,8,1,7,8
VA,Fluvanna,3,0,10,1,3,11
VA,Franklin,6,1,34,2,28,26
VA,Frederick,9,2,37,4,38,36
VA,Giles,5,1,18,0,14,11
VA,Gloucester,5,1,24,3,22,23
VA,Goochland,2,0,16,0,8,14
VA,Grayson,1,0,5,0,2,8
VA,Greene,3,0,9,0,4,9
VA,Greensville,0,0,13,0,2,0
VA,Halifax,9,1,26,1,24,22
VA,Hanover,16,3,50,5,70,66
VA,Henrico,66,7,136,22,250,234
VA,Henry,14,0,49,2,34,25
VA,Highland,1,0,7,0,0,2
VA,Isle of Wight,6,0,24,5,23,21
VA,James City,10,0,22,2,35,47
VA,King and Queen,0,0,5,0,0,1
VA,King George,2,0,11,0,14,15
VA,King William,2,0,10,1,6,9
VA,Lancaster,6,1,17,1,9,18
VA,Lee,6,1,23,0,6,9
VA,Loudoun,50,4,78,19,219,208
VA,Louisa,4,1,23,2,11,9
VA,Lunenburg,3,0,5,0,4,4
VA,Madison,4,0,7,0,6,3
VA,Mathews,2,0,6,0,5,7
VA,Mecklenburg,6,1,37,3,24,27
VA,Middlesex,3,0,10,1,6,15
VA,Montgomery,18,1,48,5,65,77
VA,Nelson,4,0,16,0,7,7
VA,New Kent,3,0,13,0,11,10
VA,Northampton,4,0,13,5,12,14
VA,Northumberland,3,0,11,1,4,11
VA,Nottoway,4,1,17,0,9,13
VA,Orange,4,0,21,2,17,17
VA,Page,6,1,15,1,15,18
VA,Patrick,6,1,14,1,9,8
VA,Pittsylvania,10,0,41,1,15,18
VA,Powhatan,3,0,14,1,10,14
VA,Prince Edward,5,1,21,1,15,18
VA,Prince George,3,0,15,2,6,7
VA,Prince William,63,5,131,18,259,203
VA,Pulaski,8,2,19,2,30,16
VA,Rappahannock,3,0,4,0,2,4
VA,Richmond,2,0,6,1,5,5
VA,Roanoke,14,0,37,1,46,56
VA,Rockbridge,3,1,20,2,11,15
VA,Rockingham,11,1,31,7,30,29
VA,Russell,5,1,20,0,18,14
VA,Scott,5,0,26,0,12,6
VA,Shenandoah,9,1,30,5,22,27
VA,Smyth,6,0,23,3,23,16
VA,Southampton,3,0,13,1,3,4
VA,Spotsylvania,24,4,54,8,89,73
VA,Stafford,9,1,44,2,72,59
VA,Surry,3,0,5,1,1,2
VA,Sussex,5,0,15,0,5,7
VA,Tazewell,8,3,37,1,33,16
VA,Warren,4,1,25,0,21,33
VA,Washington,13,2,47,0,35,29
VA,Westmoreland,5,0,9,5,5,18
VA,Wise,12,0,38,1,30,19
VA,Wythe,5,1,29,1,28,27
VA,York,11,3,25,1,54,46
VA,Alexandria,31,1,40,6,119,148
VA,Bedford,2,0,11,0,15,9
VA,Bristol,6,0,26,2,31,24
VA,Buena Vista,0,0,3,0,5,5
VA,Charlottesville,18,0,27,3,63,110
VA,Chesapeake,27,6,102,11,194,154
VA,Colonial Heights,2,2,13,1,37,28
VA,Covington,1,0,10,0,11,8
VA,Danville,16,2,42,2,55,54
VA,Emporia,5,1,16,0,10,11
VA,Fairfax,17,1,24,2,67,74
VA,Falls Church,9,0,9,1,37,48
VA,Franklin,3,1,11,0,13,9
VA,Fredericksburg,12,1,20,3,39,76
VA,Galax,4,1,8,0,12,17
VA,Hampton,18,2,78,9,100,76
VA,Harrisonburg,16,2,29,4,49,68
VA,Hopewell,7,0,16,0,23,24
VA,Lexington,5,0,1,2,11,14
VA,Lynchburg,15,2,34,6,76,77
VA,Manassas,16,0,21,7,47,44
VA,Manassas Park,2,0,7,2,5,6
VA,Martinsville,4,1,9,0,22,12
VA,Newport News,34,3,100,12,136,129
VA,Norfolk,42,5,124,23,214,200
VA,Norton,2,1,5,1,12,9
VA,Petersburg,13,1,34,2,27,24
VA,Poquoson,3,0,4,2,9,11
VA,Portsmouth,14,1,57,9,73,56
VA,Radford,2,0,8,0,11,14
VA,Richmond,60,1,131,16,177,225
VA,Roanoke,28,3,61,7,94,122
VA,Salem,7,1,21,1,34,23
VA,Staunton,4,1,19,4,22,37
VA,Suffolk,13,2,38,5,54,43
VA,Virginia Beach,73,6,184,41,402,460
VA,Waynesboro,8,1,16,0,20,26
VA,Williamsburg,3,0,11,3,15,54
VA,Winchester,11,1,18,5,49,51
WA,Adams,6,1,9,0,10,12
WA,Asotin,5,2,4,1,9,15
WA,Benton,17,5,60,14,114,106
WA,Chelan,20,1,30,16,57,80
WA,Clallam,15,1,31,4,45,83
WA,Clark,52,13,130,28,243,248
WA,Columbia,2,0,3,1,1,4
WA,Cowlitz,13,1,50,7,59,69
WA,Douglas,9,3,5,4,15,15
WA,Ferry,4,0,7,0,1,5
WA,Franklin,16,1,28,4,43,30
WA,Garfield,1,0,0,0,0,2
WA,Grant,22,2,42,6,50,47
WA,Grays Harbor,33,0,39,8,42,71
WA,Island,17,0,21,6,37,63
WA,Jefferson,8,0,10,6,21,41
WA,King,479,27,563,195,1678,2091
WA,Kitsap,45,4,74,25,157,174
WA,Kittitas,13,2,24,7,46,49
WA,Klickitat,5,0,12,1,5,14
WA,Lewis,29,1,39,4,52,59
WA,Lincoln,4,0,2,0,6,7
WA,Mason,7,2,29,5,27,37
WA,Okanogan,13,1,33,5,18,37
WA,Pacific,13,0,10,5,18,27
WA,Pend Oreille,6,0,6,0,4,14
WA,Pierce,147,18,242,71,509,512
WA,San Juan,13,0,5,0,17,39
WA,Skagit,28,2,54,25,80,115
WA,Skamania,1,0,9,0,2,9
WA,Snohomish,150,13,224,58,524,487
WA,Spokane,80,11,145,48,337,311
WA,Stevens,9,1,14,2,25,26
WA,Thurston,43,6,90,25,177,171
WA,Wahkiakum,1,0,3,0,2,2
WA,Walla Walla,13,2,16,7,34,40
WA,Whatcom,32,3,89,25,121,196
WA,Whitman,10,0,10,1,30,27
WA,Yakima,56,9,95,26,151,122
WV,Barbour,5,0,6,1,5,9
WV,Berkeley,11,2,40,4,53,48
WV,Boone,7,0,23,0,8,9
WV,Braxton,4,0,12,0,8,17
WV,Brooke,5,0,15,2,19,14
WV,Cabell,19,2,53,7,100,80
WV,Calhoun,1,0,6,0,1,4
WV,Clay,1,0,9,0,1,3
WV,Doddridge,1,0,3,0,0,1
WV,Fayette,14,1,30,1,25,34
WV,Gilmer,2,0,6,0,2,4
WV,Grant,2,0,13,0,4,5
WV,Greenbrier,6,1,33,1,26,26
WV,Hampshire,4,0,11,0,8,11
WV,Hancock,9,0,16,1,25,17
WV,Hardy,4,1,13,0,4,10
WV,Harrison,12,2,39,3,49,52
WV,Jackson,4,1,21,0,21,17
WV,Jefferson,9,1,22,0,32,51
WV,Kanawha,43,3,96,9,184,129
WV,Lewis,5,0,15,1,14,10
WV,Lincoln,8,0,11,0,8,9
WV,Logan,13,1,28,0,25,22
WV,McDowell,8,1,21,0,5,5
WV,Marion,10,1,37,3,50,30
WV,Marshall,6,1,14,0,21,9
WV,Mason,6,1,13,0,10,12
WV,Mercer,13,1,33,2,35,43
WV,Mineral,3,1,12,2,15,22
WV,Mingo,6,0,13,1,12,10
WV,Monongalia,13,4,48,4,87,79
WV,Monroe,2,0,9,0,0,9
WV,Morgan,2,0,9,2,7,13
WV,Nicholas,4,1,23,0,15,19
WV,Ohio,11,1,26,5,41,39
WV,Pendleton,2,0,6,0,2,8
WV,Pleasants,1,0,4,0,6,3
WV,Pocahontas,5,0,8,1,1,10
WV,Preston,5,1,21,0,11,11
WV,Putnam,9,1,32,2,54,17
WV,Raleigh,16,3,57,1,56,48
WV,Randolph,8,1,18,2,14,26
WV,Ritchie,4,0,9,1,5,8
WV,Roane,5,1,9,2,4,4
WV,Summers,3,0,10,0,6,4
WV,Taylor,2,1,5,0,10,6
WV,Tucker,2,0,6,0,5,12
WV,Tyler,4,0,8,1,5,1
WV,Upshur,5,1,12,0,12,19
WV,Wayne,8,1,27,1,20,16
WV,Webster,4,0,7,0,3,5
WV,Wetzel,6,1,12,0,17,13
WV,Wirt,2,0,4,0,2,5
WV,Wood,14,3,46,5,78,61
WV,Wyoming,7,0,21,1,8,12
WI,Adams,1,0,10,0,7,19
WI,Ashland,8,1,13,1,11,27
WI,Barron,8,1,22,7,29,47
WI,Bayfield,5,0,13,2,7,33
WI,Brown,29,3,92,19,153,214
WI,Buffalo,4,0,8,1,2,19
WI,Burnett,6,0,11,1,4,24
WI,Calumet,8,2,16,2,18,29
WI,Chippewa,12,1,33,5,26,44
WI,Clark,8,0,16,4,9,27
WI,Columbia,9,2,30,6,30,62
WI,Crawford,6,1,11,3,6,14
WI,Dane,77,4,158,46,391,375
WI,Dodge,11,1,32,10,34,50
WI,Door,11,0,22,18,14,94
WI,Douglas,8,1,22,2,27,45
WI,Dunn,7,1,16,2,18,29
WI,Eau Claire,14,3,43,7,84,77
WI,Florence,1,0,4,0,1,6
WI,Fond du Lac,14,1,45,11,68,72
WI,Forest,2,0,5,0,3,12
WI,Grant,12,1,33,3,22,42
WI,Green,8,0,16,10,17,35
WI,Green Lake,6,0,11,2,5,24
WI,Iowa,3,1,13,0,10,19
WI,Iron,3,0,7,0,3,17
WI,Jackson,3,1,12,1,11,17
WI,Jefferson,15,2,33,5,46,67
WI,Juneau,7,0,21,2,9,25
WI,Kenosha,26,1,67,13,104,108
WI,Kewaunee,5,0,10,5,5,26
WI,La Crosse,13,3,37,5,85,85
WI,Lafayette,4,0,11,1,6,17
WI,Langlade,5,1,19,1,9,32
WI,Lincoln,6,0,19,2,14,31
WI,Manitowoc,10,1,35,8,35,61
WI,Marathon,28,3,45,12,72,103
WI,Marinette,11,0,38,6,23,53
WI,Marquette,2,0,9,0,4,19
WI,Menominee,0,0,3,0,0,0
WI,Milwaukee,198,3,315,57,580,574
WI,Monroe,6,2,26,6,20,27
WI,Oconto,6,0,24,5,14,39
WI,Oneida,7,1,23,7,27,71
WI,Outagamie,25,2,74,18,112,166
WI,Ozaukee,14,1,25,13,53,79
WI,Pepin,2,0,6,3,4,10
WI,Pierce,6,0,18,2,19,27
WI,Polk,13,1,24,3,21,39
WI,Portage,7,1,19,4,37,68
WI,Price,6,0,13,1,8,19
WI,Racine,39,2,78,16,102,124
WI,Richland,5,1,10,1,6,9
WI,Rock,25,3,60,12,99,123
WI,Rusk,3,1,13,1,9,14
WI,St. Croix,9,1,36,7,51,71
WI,Sauk,16,1,39,11,48,79
WI,Sawyer,4,1,16,1,10,49
WI,Shawano,7,1,30,3,12,47
WI,Sheboygan,21,3,44,10,58,99
WI,Taylor,3,1,12,3,6,12
WI,Trempealeau,6,0,19,3,15,27
WI,Vernon,6,1,16,3,8,20
WI,Vilas,9,0,25,3,12,82
WI,Walworth,18,2,53,9,65,108
WI,Washburn,6,0,13,1,7,32
WI,Washington,15,3,48,11,72,84
WI,Waukesha,51,2,110,35,251,274
WI,Waupaca,9,0,33,3,31,53
WI,Waushara,8,0,15,1,10,24
WI,Winnebago,11,2,55,15,101,110
WI,Wood,9,1,31,5,36,58
WY,Albany,2,1,13,4,29,26
WY,Big Horn,3,0,7,0,5,9
WY,Campbell,5,1,17,5,27,21
WY,Carbon,5,0,16,1,9,19
WY,Converse,3,0,6,0,8,14
WY,Crook,4,0,5,0,3,6
WY,Fremont,9,1,23,4,23,33
WY,Goshen,3,0,2,1,8,9
WY,Hot Springs,2,0,3,1,5,7
WY,Johnson,3,0,6,0,7,11
WY,Laramie,11,2,26,3,74,48
WY,Lincoln,7,0,10,1,11,24
WY,Natrona,10,3,33,3,62,56
WY,Niobrara,1,0,2,0,3,1
WY,Park,4,1,22,3,24,30
WY,Platte,3,0,8,0,8,16
WY,Sheridan,7,1,13,4,13,28
WY,Sublette,3,0,9,1,5,13
WY,Sweetwater,5,1,28,2,27,31
WY,Teton,6,0,12,4,25,55
WY,Uinta,3,1,15,3,15,23
WY,Washakie,3,0,5,0,8,14
WY,Weston,4,0,3,0,4,9
