,State,County,GroceryStores,SupercentersClubStores,ConvenienceStores,SpecializedFoodStores,FastFoodRestaurants,FullServiceRestaurants
0,AL,Autauga,6,1,29,2,30,34
1,AL,Baldwin,24,6,119,21,112,202
2,AL,Barbour,5,0,14,2,21,12
3,AL,Bibb,6,1,19,0,7,6
4,AL,Blount,6,1,31,2,24,19
5,AL,Bullock,2,0,2,1,4,2
6,AL,Butler,3,1,24,1,17,19
7,AL,Calhoun,25,3,88,2,95,67
8,AL,Chambers,7,1,22,1,22,19
9,AL,Cherokee,4,1,14,1,16,10
10,AL,Chilton,7,1,37,4,23,17
11,AL,Choctaw,4,0,16,1,4,7
12,AL,Clarke,6,2,18,2,23,13
13,AL,Clay,3,0,8,1,4,7
14,AL,Cleburne,3,0,11,0,7,4
15,AL,Coffee,7,1,30,0,35,31
16,AL,Colbert,9,1,43,3,41,40
17,AL,Conecuh,3,0,16,1,5,4
18,AL,Coosa,0,0,9,0,0,0
19,AL,Covington,10,1,27,2,25,24
20,AL,Crenshaw,4,0,12,0,3,9
21,AL,Cullman,10,1,54,6,50,44
22,AL,Dale,7,1,33,1,33,31
23,AL,Dallas,9,1,39,0,20,16
24,AL,DeKalb,12,1,46,1,41,35
25,AL,Elmore,10,2,57,0,29,34
26,AL,Escambia,8,0,33,2,22,20
27,AL,Etowah,19,2,63,1,82,54
28,AL,Fayette,5,1,7,0,12,5
29,AL,Franklin,6,1,23,1,22,17
30,AL,Geneva,11,0,15,0,10,8
31,AL,Greene,5,0,8,0,1,3
32,AL,Hale,4,0,13,0,5,5
33,AL,Henry,4,0,13,2,10,9
34,AL,Houston,14,3,63,9,83,75
35,AL,Jackson,15,1,34,2,30,29
36,AL,Jefferson,108,17,433,48,578,368
37,AL,Lamar,4,0,8,0,7,10
38,AL,Lauderdale,15,2,57,2,61,61
39,AL,Lawrence,7,1,18,1,25,15
40,AL,Lee,13,3,74,1,108,94
41,AL,Limestone,12,1,58,2,45,35
42,AL,Lowndes,2,0,10,0,2,0
43,AL,Macon,5,0,14,0,10,5
44,AL,Madison,35,10,211,13,300,222
45,AL,Marengo,4,1,22,0,16,12
46,AL,Marion,5,2,18,1,26,20
47,AL,Marshall,19,3,65,5,70,70
48,AL,Mobile,60,8,260,28,253,212
49,AL,Monroe,7,0,15,0,10,8
50,AL,Montgomery,33,6,131,17,169,139
51,AL,Morgan,22,2,91,7,100,57
52,AL,Perry,5,0,8,0,2,5
53,AL,Pickens,4,0,11,0,6,6
54,AL,Pike,9,1,17,0,30,20
55,AL,Randolph,4,1,17,1,11,17
56,AL,Russell,8,1,37,1,44,25
57,AL,St. Clair,11,2,52,0,48,48
58,AL,Shelby,26,6,100,5,128,133
59,AL,Sumter,3,0,19,1,7,5
60,AL,Talladega,7,2,78,1,49,45
61,AL,Tallapoosa,5,1,39,0,24,22
62,AL,Tuscaloosa,27,4,108,5,158,104
63,AL,Walker,12,2,51,1,45,39
64,AL,Washington,3,0,10,1,4,6
65,AL,Wilcox,10,0,7,0,6,6
66,AL,Winston,8,0,22,0,12,19
67,AK,Aleutians East,4,0,0,0,1,0
68,AK,Aleutians West,3,0,1,1,2,3
69,AK,Anchorage,37,9,61,20,207,208
70,AK,Bethel,25,0,5,0,5,4
71,AK,Bristol Bay,3,0,0,0,0,2
72,AK,Denali,0,0,4,0,1,7
73,AK,Dillingham,5,0,2,0,0,3
74,AK,Fairbanks North Star,8,3,25,6,43,59
75,AK,Haines,3,0,0,0,1,6
76,AK,Hoonah-Angoon,0,0,0,0,0,0
77,AK,Juneau,7,3,4,1,22,32
78,AK,Kenai Peninsula,21,1,21,9,36,69
79,AK,Ketchikan Gateway,3,0,5,2,7,13
80,AK,Kodiak Island,4,0,1,2,6,9
81,AK,Lake and Peninsula,1,0,0,0,0,0
82,AK,Matanuska-Susitna,13,3,22,4,36,45
83,AK,Nome,15,0,1,0,4,5
84,AK,North Slope,10,0,2,0,4,5
85,AK,Northwest Arctic,6,0,2,0,1,0
86,AK,Petersburg,0,0,0,0,0,0
87,AK,Prince of Wales-Hyder,0,0,0,0,0,0
88,AK,Sitka,4,0,2,1,4,10
89,AK,Skagway,0,0,0,0,0,0
90,AK,Southeast Fairbanks,4,0,6,0,6,8
91,AK,Valdez-Cordova,8,0,7,2,9,10
92,AK,Wade Hampton,17,0,1,0,0,0
93,AK,Wrangell,0,0,0,0,0,0
94,AK,Yakutat,2,0,0,0,1,0
95,AK,Yukon-Koyukuk,12,0,5,0,0,2
96,AZ,Apache,10,0,35,0,15,19
97,AZ,Cochise,17,2,60,6,52,100
98,AZ,Coconino,19,2,82,10,112,160
99,AZ,Gila,9,1,28,2,33,49
100,AZ,Graham,7,1,17,1,16,17
101,AZ,Greenlee,1,0,7,1,3,6
102,AZ,La Paz,11,1,22,2,15,24
103,AZ,Maricopa,512,83,999,229,2674,2191
104,AZ,Mohave,19,3,90,5,109,123
105,AZ,Navajo,18,2,55,1,55,77
106,AZ,Pima,128,12,282,54,590,607
107,AZ,Pinal,33,7,74,14,122,98
108,AZ,Santa Cruz,9,1,18,6,31,41
109,AZ,Yavapai,34,5,81,10,141,204
110,AZ,Yuma,34,5,64,9,103,83
111,AR,Arkansas,5,1,10,0,18,12
112,AR,Ashley,8,1,14,0,13,9
113,AR,Baxter,7,1,27,2,31,44
114,AR,Benton,30,7,79,9,137,132
115,AR,Boone,4,1,18,2,25,23
116,AR,Bradley,3,0,7,0,4,5
117,AR,Calhoun,2,0,2,2,2,2
118,AR,Carroll,5,1,15,5,19,50
119,AR,Chicot,5,0,11,0,6,8
120,AR,Clark,5,1,10,0,20,11
121,AR,Clay,3,0,6,0,11,9
122,AR,Cleburne,9,1,15,3,17,24
123,AR,Cleveland,2,0,5,0,2,0
124,AR,Columbia,4,1,17,2,15,9
125,AR,Conway,4,1,16,1,9,13
126,AR,Craighead,19,3,28,3,79,65
127,AR,Crawford,8,2,27,2,28,36
128,AR,Crittenden,11,1,23,2,35,19
129,AR,Cross,4,1,5,0,9,12
130,AR,Dallas,2,0,7,0,4,4
131,AR,Desha,6,0,10,0,10,16
132,AR,Drew,2,1,11,0,15,11
133,AR,Faulkner,11,2,43,1,62,71
134,AR,Franklin,2,0,8,1,6,10
135,AR,Fulton,1,0,5,0,7,6
136,AR,Garland,18,4,49,7,75,98
137,AR,Grant,3,1,8,0,9,8
138,AR,Greene,4,1,17,1,27,24
139,AR,Hempstead,8,1,15,2,12,11
140,AR,Hot Spring,7,1,18,1,17,8
141,AR,Howard,5,1,11,0,8,5
142,AR,Independence,5,1,12,1,22,22
143,AR,Izard,4,0,7,0,3,6
144,AR,Jackson,4,0,8,1,5,10
145,AR,Jefferson,15,1,36,8,62,31
146,AR,Johnson,1,1,13,0,17,10
147,AR,Lafayette,3,0,7,2,2,3
148,AR,Lawrence,5,0,10,3,4,9
149,AR,Lee,1,0,1,0,3,2
150,AR,Lincoln,1,0,6,0,2,10
151,AR,Little River,3,1,7,0,3,7
152,AR,Logan,3,0,14,0,12,13
153,AR,Lonoke,11,1,28,2,38,37
154,AR,Madison,3,0,12,1,2,9
155,AR,Marion,4,1,6,0,6,12
156,AR,Miller,11,1,26,1,24,21
157,AR,Mississippi,15,1,26,1,32,25
158,AR,Monroe,5,0,7,0,6,5
159,AR,Montgomery,3,0,8,0,3,6
160,AR,Nevada,1,0,9,0,3,2
161,AR,Newton,3,0,1,1,1,7
162,AR,Ouachita,6,0,12,0,14,13
163,AR,Perry,1,0,6,0,1,1
164,AR,Phillips,9,1,9,2,12,8
165,AR,Pike,5,0,6,0,3,5
166,AR,Poinsett,6,1,15,0,16,12
167,AR,Polk,6,1,13,0,12,18
168,AR,Pope,7,1,33,2,55,36
169,AR,Prairie,3,0,9,1,5,6
170,AR,Pulaski,72,7,188,19,330,310
171,AR,Randolph,6,1,9,1,11,11
172,AR,St. Francis,6,1,19,0,12,15
173,AR,Saline,15,2,34,1,47,38
174,AR,Scott,2,0,5,0,2,10
175,AR,Searcy,2,0,4,0,4,3
176,AR,Sebastian,19,4,60,14,103,88
177,AR,Sevier,4,1,12,0,8,5
178,AR,Sharp,3,1,8,0,10,17
179,AR,Stone,2,1,6,1,8,9
180,AR,Union,10,1,42,5,24,24
181,AR,Van Buren,3,1,14,0,5,9
182,AR,Washington,26,5,72,7,155,191
183,AR,White,15,1,37,0,49,44
184,AR,Woodruff,2,0,3,0,3,2
185,AR,Yell,4,1,9,0,10,15
186,CA,Alameda,359,5,300,169,1072,1303
187,CA,Alpine,0,0,0,0,2,0
188,CA,Amador,13,0,20,2,17,41
189,CA,Butte,51,1,59,18,150,122
190,CA,Calaveras,10,0,23,4,24,42
191,CA,Colusa,11,0,14,3,12,13
192,CA,Contra Costa,192,5,198,69,608,667
193,CA,Del Norte,8,0,8,1,16,19
194,CA,El Dorado,33,0,54,15,110,162
195,CA,Fresno,213,5,287,77,563,486
196,CA,Glenn,5,0,16,4,15,17
197,CA,Humboldt,43,1,54,15,85,135
198,CA,Imperial,41,4,60,2,83,93
199,CA,Inyo,4,0,15,2,14,26
200,CA,Kern,187,3,249,54,524,381
201,CA,Kings,30,1,43,4,78,49
202,CA,Lake,24,0,25,2,29,38
203,CA,Lassen,10,0,15,3,12,17
204,CA,Los Angeles,2027,39,1755,928,7118,7025
205,CA,Madera,36,0,43,13,65,54
206,CA,Marin,64,1,45,25,164,289
207,CA,Mariposa,9,0,11,1,8,12
208,CA,Mendocino,52,0,41,8,57,115
209,CA,Merced,57,1,74,14,125,84
210,CA,Modoc,5,0,4,0,4,5
211,CA,Mono,6,0,10,1,16,40
212,CA,Monterey,107,2,111,56,231,366
213,CA,Napa,35,1,39,17,75,135
214,CA,Nevada,26,0,27,14,54,94
215,CA,Orange,527,18,586,224,2526,2407
216,CA,Placer,58,3,99,25,285,280
217,CA,Plumas,9,0,11,3,14,34
218,CA,Riverside,344,18,407,128,1296,1078
219,CA,Sacramento,249,13,347,86,969,886
220,CA,San Benito,12,0,8,2,28,29
221,CA,San Bernardino,327,11,414,105,1342,907
222,CA,San Diego,622,15,662,235,2332,2216
223,CA,San Francisco,320,1,103,187,761,1676
224,CA,San Joaquin,158,4,162,63,400,325
225,CA,San Luis Obispo,67,1,86,32,219,309
226,CA,San Mateo,167,4,144,67,501,703
227,CA,Santa Barbara,117,2,87,35,302,361
228,CA,Santa Clara,342,9,348,142,1282,1458
229,CA,Santa Cruz,70,1,59,26,167,236
230,CA,Shasta,38,2,73,17,131,122
231,CA,Sierra,2,0,3,0,1,2
232,CA,Siskiyou,20,0,33,5,34,55
233,CA,Solano,75,5,115,30,281,227
234,CA,Sonoma,123,2,135,58,279,465
235,CA,Stanislaus,128,3,146,35,314,266
236,CA,Sutter,25,2,38,4,54,58
237,CA,Tehama,12,0,24,5,34,37
238,CA,Trinity,7,0,12,0,15,10
239,CA,Tulare,110,3,128,29,202,205
240,CA,Tuolumne,13,1,25,4,29,62
241,CA,Ventura,160,3,176,65,545,572
242,CA,Yolo,42,2,51,9,138,122
243,CA,Yuba,11,1,17,7,30,24
244,CO,Adams,49,11,114,28,270,214
245,CO,Alamosa,4,1,7,1,14,19
246,CO,Arapahoe,77,12,151,43,432,393
247,CO,Archuleta,4,0,7,2,11,22
248,CO,Baca,2,0,3,0,2,3
249,CO,Bent,2,0,3,0,2,3
250,CO,Boulder,49,6,79,25,240,307
251,CO,Broomfield,6,1,15,4,59,43
252,CO,Chaffee,7,1,19,2,25,38
253,CO,Cheyenne,2,0,2,0,0,3
254,CO,Clear Creek,2,0,8,1,9,22
255,CO,Conejos,4,0,2,0,1,4
256,CO,Costilla,2,0,4,0,0,4
257,CO,Crowley,1,0,1,0,0,3
258,CO,Custer,1,0,1,1,2,10
259,CO,Delta,9,1,13,2,11,34
260,CO,Denver,107,7,205,45,501,653
261,CO,Dolores,1,0,1,0,0,0
262,CO,Douglas,23,7,53,22,178,174
263,CO,Eagle,14,2,18,5,44,120
264,CO,Elbert,1,1,4,0,3,10
265,CO,El Paso,53,13,182,45,408,385
266,CO,Fremont,6,1,17,4,16,38
267,CO,Garfield,8,1,28,4,44,78
268,CO,Gilpin,2,0,1,0,0,2
269,CO,Grand,7,0,11,2,14,59
270,CO,Gunnison,6,0,6,1,13,47
271,CO,Hinsdale,1,0,2,0,1,7
272,CO,Huerfano,3,0,7,0,2,10
273,CO,Jackson,1,0,2,0,0,3
274,CO,Jefferson,53,13,155,45,384,394
275,CO,Kiowa,2,0,1,0,0,1
276,CO,Kit Carson,5,0,6,0,6,5
277,CO,Lake,2,0,6,0,8,11
278,CO,La Plata,14,1,25,7,35,74
279,CO,Larimer,31,6,94,19,244,251
280,CO,Las Animas,4,1,8,0,12,16
281,CO,Lincoln,2,0,5,0,2,8
282,CO,Logan,4,1,4,1,14,13
283,CO,Mesa,16,3,52,14,99,99
284,CO,Mineral,1,0,0,1,0,6
285,CO,Moffat,2,1,8,0,6,14
286,CO,Montezuma,4,1,14,0,13,28
287,CO,Montrose,7,1,15,3,20,34
288,CO,Morgan,5,1,7,2,13,17
289,CO,Otero,4,1,13,1,12,22
290,CO,Ouray,4,0,2,1,6,25
291,CO,Park,4,0,6,0,8,10
292,CO,Phillips,2,0,4,1,2,4
293,CO,Pitkin,4,0,7,4,23,66
294,CO,Prowers,4,1,10,0,11,6
295,CO,Pueblo,16,4,67,8,111,122
296,CO,Rio Blanco,1,0,7,1,4,8
297,CO,Rio Grande,6,0,6,2,6,14
298,CO,Routt,9,0,13,3,24,57
299,CO,Saguache,2,0,4,0,1,5
300,CO,San Juan,0,0,2,0,4,9
301,CO,San Miguel,6,0,1,0,14,29
302,CO,Sedgwick,1,0,0,0,1,4
303,CO,Summit,9,0,14,4,42,102
304,CO,Teller,4,1,12,2,14,22
305,CO,Washington,1,0,2,0,1,1
306,CO,Weld,29,4,72,6,131,143
307,CO,Yuma,5,0,4,0,4,16
308,CT,Fairfield,197,4,226,101,525,900
309,CT,Hartford,200,5,308,57,519,802
310,CT,Litchfield,39,1,68,15,68,210
311,CT,Middlesex,34,0,49,16,96,184
312,CT,New Haven,191,9,277,66,548,755
313,CT,New London,50,3,126,23,151,284
314,CT,Tolland,21,0,51,2,56,93
315,CT,Windham,18,2,52,3,58,82
316,DE,Kent,17,2,65,13,82,84
317,DE,New Castle,77,4,176,52,370,350
318,DE,Sussex,48,4,90,28,142,256
319,DC,District of Columbia,181,0,160,44,732,678
320,FL,Alachua,42,2,136,12,170,183
321,FL,Baker,6,1,18,0,13,11
322,FL,Bay,31,3,108,18,125,167
323,FL,Bradford,6,1,21,2,16,10
324,FL,Brevard,70,12,246,44,341,429
325,FL,Broward,366,23,678,128,1198,1329
326,FL,Calhoun,1,0,3,0,8,9
327,FL,Charlotte,23,4,54,11,73,103
328,FL,Citrus,18,1,69,10,51,91
329,FL,Clay,28,4,74,9,114,97
330,FL,Collier,59,6,105,24,162,358
331,FL,Columbia,5,1,53,4,38,33
332,FL,DeSoto,5,1,18,1,12,9
333,FL,Dixie,4,0,7,0,5,1
334,FL,Duval,199,19,397,70,708,612
335,FL,Escambia,46,6,156,23,176,173
336,FL,Flagler,14,1,26,3,33,67
337,FL,Franklin,5,0,10,0,7,23
338,FL,Gadsden,7,1,32,1,18,14
339,FL,Gilchrist,4,0,8,0,3,3
340,FL,Glades,1,0,4,0,3,2
341,FL,Gulf,3,0,9,1,11,6
342,FL,Hamilton,5,0,15,0,8,6
343,FL,Hardee,11,1,18,3,8,10
344,FL,Hendry,10,1,30,1,16,17
345,FL,Hernando,27,4,52,4,71,92
346,FL,Highlands,18,2,42,4,45,48
347,FL,Hillsborough,279,17,510,101,735,763
348,FL,Holmes,4,0,13,0,3,8
349,FL,Indian River,24,3,55,18,76,101
350,FL,Jackson,11,1,32,3,29,27
351,FL,Jefferson,2,0,18,2,8,4
352,FL,Lafayette,1,0,5,0,2,2
353,FL,Lake,50,7,154,13,138,205
354,FL,Lee,119,13,209,47,303,531
355,FL,Leon,41,7,117,18,220,206
356,FL,Levy,10,1,28,1,18,24
357,FL,Liberty,1,0,8,0,1,1
358,FL,Madison,3,0,14,0,6,9
359,FL,Manatee,60,7,120,14,159,214
360,FL,Marion,53,6,178,16,153,167
361,FL,Martin,30,2,62,16,96,160
362,FL,Miami-Dade,576,17,750,235,1430,1691
363,FL,Monroe,26,0,52,14,71,186
364,FL,Nassau,10,1,38,6,47,54
365,FL,Okaloosa,28,4,81,12,142,181
366,FL,Okeechobee,12,1,32,0,19,25
367,FL,Orange,230,19,505,89,854,931
368,FL,Osceola,58,8,104,20,160,192
369,FL,Palm Beach,255,17,433,119,796,1130
370,FL,Pasco,71,8,175,27,164,222
371,FL,Pinellas,186,7,411,78,562,813
372,FL,Polk,113,9,294,20,231,268
373,FL,Putnam,12,1,53,6,30,31
374,FL,St. Johns,31,1,69,29,111,189
375,FL,St. Lucie,38,6,94,13,124,154
376,FL,Santa Rosa,15,3,58,5,75,67
377,FL,Sarasota,75,4,126,30,197,351
378,FL,Seminole,71,8,173,36,282,311
379,FL,Sumter,15,2,36,4,24,41
380,FL,Suwannee,7,1,32,4,15,20
381,FL,Taylor,2,1,27,1,8,11
382,FL,Union,0,0,8,1,2,2
383,FL,Volusia,74,8,251,29,274,374
384,FL,Wakulla,3,1,10,1,11,16
385,FL,Walton,9,1,40,7,33,79
386,FL,Washington,2,1,15,2,13,12
387,GA,Appling,2,1,12,0,14,14
388,GA,Atkinson,4,0,6,2,4,5
389,GA,Bacon,3,0,10,0,9,3
390,GA,Baker,1,0,1,0,0,0
391,GA,Baldwin,10,1,35,0,30,29
392,GA,Banks,1,1,9,0,15,13
393,GA,Barrow,12,1,42,2,33,27
394,GA,Bartow,13,1,69,2,59,67
395,GA,Ben Hill,2,1,23,2,17,8
396,GA,Berrien,4,0,19,0,9,10
397,GA,Bibb,36,4,142,7,156,121
398,GA,Bleckley,3,0,8,0,5,6
399,GA,Brantley,3,0,12,0,5,3
400,GA,Brooks,3,0,12,3,5,5
401,GA,Bryan,5,0,30,0,21,23
402,GA,Bulloch,7,1,58,1,48,55
403,GA,Burke,3,1,18,0,6,10
404,GA,Butts,3,0,18,0,11,11
405,GA,Calhoun,1,0,7,0,1,4
406,GA,Camden,6,1,31,2,38,38
407,GA,Candler,3,0,14,2,10,8
408,GA,Carroll,23,2,76,4,90,75
409,GA,Catoosa,8,1,34,2,43,30
410,GA,Charlton,3,0,11,0,11,3
411,GA,Chatham,48,5,148,24,227,313
412,GA,Chattahoochee,1,0,1,2,1,2
413,GA,Chattooga,5,1,19,0,12,9
414,GA,Cherokee,37,5,73,9,111,146
415,GA,Clarke,24,2,66,3,107,111
416,GA,Clay,2,0,2,0,1,0
417,GA,Clayton,40,6,152,16,165,107
418,GA,Clinch,2,0,5,0,5,4
419,GA,Cobb,100,12,257,26,515,542
420,GA,Coffee,8,1,40,3,22,17
421,GA,Colquitt,14,1,30,4,27,14
422,GA,Columbia,19,2,34,3,61,72
423,GA,Cook,8,0,15,0,13,11
424,GA,Coweta,18,2,51,3,61,70
425,GA,Crawford,2,0,4,0,3,2
426,GA,Crisp,9,1,26,1,14,14
427,GA,Dade,4,0,19,0,8,9
428,GA,Dawson,4,1,13,1,19,21
429,GA,Decatur,7,1,35,2,18,14
430,GA,DeKalb,136,9,290,31,537,504
431,GA,Dodge,9,1,15,1,12,9
432,GA,Dooly,1,0,14,0,7,4
433,GA,Dougherty,23,2,73,11,91,68
434,GA,Douglas,16,3,66,1,80,81
435,GA,Early,5,0,11,2,8,11
436,GA,Echols,0,0,1,0,0,0
437,GA,Effingham,5,1,26,2,23,24
438,GA,Elbert,6,0,14,0,14,9
439,GA,Emanuel,6,1,23,0,12,13
440,GA,Evans,1,0,16,1,6,6
441,GA,Fannin,9,0,11,2,20,18
442,GA,Fayette,16,2,42,2,69,105
443,GA,Floyd,14,4,72,3,70,69
444,GA,Forsyth,32,5,57,9,105,112
445,GA,Franklin,5,0,13,0,13,22
446,GA,Fulton,175,11,350,62,952,1085
447,GA,Gilmer,4,1,16,1,24,25
448,GA,Glascock,1,0,3,0,0,1
449,GA,Glynn,19,1,56,3,79,104
450,GA,Gordon,13,1,39,3,37,25
451,GA,Grady,3,1,17,2,11,7
452,GA,Greene,4,0,13,2,12,14
453,GA,Gwinnett,144,18,339,51,640,652
454,GA,Habersham,7,0,33,1,28,30
455,GA,Hall,34,3,108,9,99,104
456,GA,Hancock,1,0,9,0,5,1
457,GA,Haralson,7,1,24,1,14,14
458,GA,Harris,7,0,19,0,7,13
459,GA,Hart,4,1,15,0,13,15
460,GA,Heard,3,0,7,0,4,1
461,GA,Henry,25,6,100,1,146,117
462,GA,Houston,21,3,78,2,103,72
463,GA,Irwin,1,0,6,0,0,3
464,GA,Jackson,10,0,34,0,27,32
465,GA,Jasper,2,0,8,0,4,4
466,GA,Jeff Davis,6,1,10,0,6,9
467,GA,Jefferson,7,0,16,0,9,9
468,GA,Jenkins,1,0,6,0,5,3
469,GA,Johnson,1,0,3,1,4,1
470,GA,Jones,1,0,10,0,6,7
471,GA,Lamar,3,0,11,1,9,15
472,GA,Lanier,1,0,4,1,6,5
473,GA,Laurens,12,1,41,5,42,30
474,GA,Lee,3,0,17,0,8,6
475,GA,Liberty,7,1,50,4,43,34
476,GA,Lincoln,1,0,6,0,3,5
477,GA,Long,2,0,7,0,2,2
478,GA,Lowndes,12,3,85,11,102,85
479,GA,Lumpkin,2,1,16,1,16,19
480,GA,McDuffie,4,1,14,2,13,15
481,GA,McIntosh,2,0,11,2,8,16
482,GA,Macon,7,0,9,1,7,3
483,GA,Madison,4,0,21,0,14,6
484,GA,Marion,3,0,5,0,3,4
485,GA,Meriwether,5,0,20,0,8,16
486,GA,Miller,4,0,2,1,2,5
487,GA,Mitchell,8,0,21,0,11,14
488,GA,Monroe,5,0,26,0,11,16
489,GA,Montgomery,1,0,8,0,5,1
490,GA,Morgan,4,1,12,1,12,21
491,GA,Murray,8,0,26,0,26,10
492,GA,Muscogee,33,4,98,9,167,125
493,GA,Newton,19,1,45,0,47,37
494,GA,Oconee,4,1,14,2,25,22
495,GA,Oglethorpe,1,0,8,0,5,1
496,GA,Paulding,13,4,45,1,61,53
497,GA,Peach,4,0,28,1,14,15
498,GA,Pickens,6,0,16,1,15,30
499,GA,Pierce,4,0,16,0,10,6
500,GA,Pike,3,0,9,0,6,6
501,GA,Polk,8,2,42,1,32,29
502,GA,Pulaski,2,0,12,1,9,7
503,GA,Putnam,2,1,21,1,9,19
504,GA,Quitman,0,0,5,0,0,0
505,GA,Rabun,5,1,15,1,15,24
506,GA,Randolph,1,0,5,0,6,6
507,GA,Richmond,37,2,116,12,146,135
508,GA,Rockdale,18,2,46,2,79,81
509,GA,Schley,1,0,2,0,3,1
510,GA,Screven,3,0,13,0,8,10
511,GA,Seminole,3,0,8,0,5,4
512,GA,Spalding,14,1,47,0,38,41
513,GA,Stephens,3,1,20,1,15,22
514,GA,Stewart,0,0,7,0,2,3
515,GA,Sumter,7,1,26,3,17,24
516,GA,Talbot,2,0,4,0,1,1
517,GA,Taliaferro,0,0,3,0,1,0
518,GA,Tattnall,6,0,27,1,7,5
519,GA,Taylor,3,0,6,0,5,2
520,GA,Telfair,3,0,11,1,8,5
521,GA,Terrell,4,0,9,1,4,3
522,GA,Thomas,11,1,40,3,35,27
523,GA,Tift,7,1,52,1,42,30
524,GA,Toombs,8,1,29,1,27,21
525,GA,Towns,2,0,11,1,6,22
526,GA,Treutlen,1,0,11,0,3,0
527,GA,Troup,16,1,59,1,55,51
528,GA,Turner,2,0,17,0,6,6
529,GA,Twiggs,1,0,10,0,1,2
530,GA,Union,5,1,17,2,14,17
531,GA,Upson,8,1,16,1,18,19
532,GA,Walker,9,1,43,1,25,24
533,GA,Walton,8,2,49,2,45,38
534,GA,Ware,7,1,42,0,28,30
535,GA,Warren,1,0,6,0,1,3
536,GA,Washington,4,1,18,1,11,11
537,GA,Wayne,4,1,24,3,26,20
538,GA,Webster,1,0,0,0,0,0
539,GA,Wheeler,3,0,5,0,1,2
540,GA,White,5,1,15,3,16,31
541,GA,Whitfield,30,2,65,3,82,53
542,GA,Wilcox,1,0,10,0,1,1
543,GA,Wilkes,4,0,7,0,6,5
544,GA,Wilkinson,3,0,12,0,2,2
545,GA,Worth,3,0,13,2,7,7
546,HI,Hawaii,40,2,78,15,146,143
547,HI,Honolulu,184,10,263,101,920,719
548,HI,Kalawao,0,0,0,0,0,0
549,HI,Kauai,21,2,22,4,73,84
550,HI,Maui,40,1,52,11,135,183
551,ID,Ada,37,9,104,41,299,303
552,ID,Adams,1,0,4,0,2,6
553,ID,Bannock,9,3,35,5,58,58
554,ID,Bear Lake,3,0,7,0,4,7
555,ID,Benewah,4,0,6,0,6,7
556,ID,Bingham,7,1,13,2,20,16
557,ID,Blaine,5,0,8,3,19,49
558,ID,Boise,3,0,5,0,1,12
559,ID,Bonner,11,1,24,5,22,44
560,ID,Bonneville,7,4,45,13,63,73
561,ID,Boundary,2,0,6,0,5,10
562,ID,Butte,1,0,5,0,3,3
563,ID,Camas,1,0,0,0,3,2
564,ID,Canyon,20,6,50,21,92,70
565,ID,Caribou,3,0,4,2,3,2
566,ID,Cassia,4,1,24,1,20,17
567,ID,Clark,0,0,3,0,0,0
568,ID,Clearwater,4,0,6,1,4,10
569,ID,Custer,3,0,8,0,5,6
570,ID,Elmore,4,1,9,4,13,19
571,ID,Franklin,2,0,6,0,6,9
572,ID,Fremont,2,0,5,0,6,10
573,ID,Gem,1,1,6,1,13,10
574,ID,Gooding,4,0,5,0,6,9
575,ID,Idaho,6,0,10,1,5,17
576,ID,Jefferson,2,0,8,1,11,12
577,ID,Jerome,1,1,11,3,10,9
578,ID,Kootenai,16,3,48,16,104,122
579,ID,Latah,10,0,10,7,25,28
580,ID,Lemhi,6,0,7,0,5,12
581,ID,Lewis,3,0,2,1,2,4
582,ID,Lincoln,2,0,3,0,1,4
583,ID,Madison,3,0,12,2,28,12
584,ID,Minidoka,3,0,10,2,5,9
585,ID,Nez Perce,9,0,18,3,27,29
586,ID,Oneida,2,0,3,0,2,2
587,ID,Owyhee,3,0,2,1,9,10
588,ID,Payette,4,0,12,2,10,13
589,ID,Power,1,0,2,0,1,7
590,ID,Shoshone,6,1,13,0,7,19
591,ID,Teton,1,0,5,0,7,15
592,ID,Twin Falls,17,3,37,5,55,57
593,ID,Valley,5,0,12,1,7,24
594,ID,Washington,3,1,9,3,3,8
595,IL,Adams,11,2,29,5,29,46
596,IL,Alexander,2,0,3,0,1,4
597,IL,Bond,3,0,10,1,6,15
598,IL,Boone,9,1,22,1,26,17
599,IL,Brown,2,0,4,0,2,3
600,IL,Bureau,3,1,16,1,13,39
601,IL,Calhoun,3,0,1,0,1,11
602,IL,Carroll,3,0,12,1,11,9
603,IL,Cass,5,0,10,0,7,13
604,IL,Champaign,31,7,67,13,155,163
605,IL,Christian,8,1,17,1,17,24
606,IL,Clark,3,0,9,0,11,18
607,IL,Clay,4,1,5,0,7,10
608,IL,Clinton,11,0,24,4,21,29
609,IL,Coles,5,2,20,5,41,40
610,IL,Cook,1400,26,1300,459,3955,3533
611,IL,Crawford,5,0,8,1,9,13
612,IL,Cumberland,2,0,4,1,4,6
613,IL,DeKalb,15,1,39,3,76,70
614,IL,De Witt,4,0,5,0,8,15
615,IL,Douglas,11,0,9,2,14,20
616,IL,DuPage,172,11,308,84,800,701
617,IL,Edgar,3,2,11,0,10,10
618,IL,Edwards,3,0,4,0,6,1
619,IL,Effingham,9,1,19,0,31,22
620,IL,Fayette,8,1,10,0,10,19
621,IL,Ford,3,0,8,1,12,13
622,IL,Franklin,6,1,23,1,23,29
623,IL,Fulton,9,0,18,2,18,35
624,IL,Gallatin,0,0,3,0,1,3
625,IL,Greene,5,0,8,1,5,9
626,IL,Grundy,6,1,20,2,31,28
627,IL,Hamilton,2,0,3,2,5,6
628,IL,Hancock,6,0,13,1,8,10
629,IL,Hardin,1,0,2,0,1,8
630,IL,Henderson,2,0,5,0,1,4
631,IL,Henry,13,1,32,4,23,38
632,IL,Iroquois,8,0,15,0,21,24
633,IL,Jackson,12,1,25,2,40,61
634,IL,Jasper,1,0,5,0,5,6
635,IL,Jefferson,5,1,17,2,25,28
636,IL,Jersey,4,1,7,2,13,15
637,IL,Jo Daviess,7,1,14,1,12,39
638,IL,Johnson,2,0,8,1,3,6
639,IL,Kane,77,7,123,34,327,287
640,IL,Kankakee,22,2,45,9,78,63
641,IL,Kendall,13,3,18,6,53,50
642,IL,Knox,9,1,17,4,37,41
643,IL,Lake,120,9,194,58,535,464
644,IL,LaSalle,24,2,54,10,75,116
645,IL,Lawrence,3,0,6,0,5,11
646,IL,Lee,6,1,18,1,21,32
647,IL,Livingston,11,1,22,2,22,31
648,IL,Logan,6,1,10,2,17,26
649,IL,McDonough,5,1,15,0,30,37
650,IL,McHenry,43,8,82,20,183,200
651,IL,McLean,28,4,70,14,99,125
652,IL,Macon,13,3,45,8,69,73
653,IL,Macoupin,10,1,27,1,20,28
654,IL,Madison,40,3,119,25,184,174
655,IL,Marion,5,1,18,0,28,23
656,IL,Marshall,3,0,11,2,5,11
657,IL,Mason,5,0,8,0,10,12
658,IL,Massac,3,0,6,1,7,10
659,IL,Menard,2,0,6,1,3,9
660,IL,Mercer,2,0,8,1,5,9
661,IL,Monroe,4,1,12,1,20,24
662,IL,Montgomery,5,1,28,2,22,27
663,IL,Morgan,5,0,19,3,25,22
664,IL,Moultrie,2,0,6,3,5,9
665,IL,Ogle,8,0,29,1,26,46
666,IL,Peoria,41,2,66,17,124,158
667,IL,Perry,4,1,9,0,7,15
668,IL,Piatt,4,0,8,1,7,13
669,IL,Pike,5,0,11,1,8,14
670,IL,Pope,1,0,3,0,0,4
671,IL,Pulaski,5,0,4,0,1,3
672,IL,Putnam,2,0,5,0,0,10
673,IL,Randolph,8,1,17,1,17,24
674,IL,Richland,3,1,4,0,14,14
675,IL,Rock Island,23,2,53,9,114,111
676,IL,St. Clair,39,2,112,27,165,164
677,IL,Saline,8,0,15,0,21,18
678,IL,Sangamon,25,4,65,19,155,163
679,IL,Schuyler,1,0,3,0,4,5
680,IL,Scott,2,0,3,0,3,4
681,IL,Shelby,5,1,13,1,6,19
682,IL,Stark,2,0,3,0,0,4
683,IL,Stephenson,10,0,22,5,26,32
684,IL,Tazewell,14,4,54,9,92,99
685,IL,Union,4,1,11,2,8,9
686,IL,Vermilion,13,1,36,2,40,46
687,IL,Wabash,2,0,5,0,7,5
688,IL,Warren,6,0,6,1,10,13
689,IL,Washington,8,0,8,0,8,9
690,IL,Wayne,3,1,9,3,6,11
691,IL,White,6,1,10,0,6,10
692,IL,Whiteside,9,1,23,7,30,50
693,IL,Will,86,10,162,38,438,317
694,IL,Williamson,16,2,31,4,41,46
695,IL,Winnebago,55,5,112,24,202,201
696,IL,Woodford,9,0,12,2,14,27
697,IN,Adams,6,1,13,3,12,22
698,IN,Allen,45,9,112,23,216,244
699,IN,Bartholomew,18,3,28,5,59,53
700,IN,Benton,2,0,4,0,4,3
701,IN,Blackford,6,0,7,0,5,8
702,IN,Boone,8,0,16,1,28,42
703,IN,Brown,3,0,10,3,3,12
704,IN,Carroll,5,0,5,2,11,12
705,IN,Cass,8,0,13,1,29,20
706,IN,Clark,18,3,39,5,71,80
707,IN,Clay,5,0,11,2,16,16
708,IN,Clinton,8,1,15,3,22,16
709,IN,Crawford,2,0,11,0,3,12
710,IN,Daviess,6,1,6,1,22,16
711,IN,Dearborn,6,1,19,1,19,36
712,IN,Decatur,7,1,10,3,18,19
713,IN,DeKalb,8,1,18,2,24,35
714,IN,Delaware,13,3,56,7,74,72
715,IN,Dubois,11,1,17,5,32,40
716,IN,Elkhart,36,5,62,12,121,134
717,IN,Fayette,5,0,12,0,23,6
718,IN,Floyd,12,2,28,3,58,34
719,IN,Fountain,4,0,9,1,10,16
720,IN,Franklin,11,0,7,1,15,15
721,IN,Fulton,6,0,5,0,13,25
722,IN,Gibson,6,0,12,2,24,22
723,IN,Grant,11,2,51,1,52,46
724,IN,Greene,7,1,19,0,20,21
725,IN,Hamilton,35,6,58,12,176,178
726,IN,Hancock,4,1,19,1,39,36
727,IN,Harrison,4,1,13,1,19,13
728,IN,Hendricks,10,7,41,4,101,98
729,IN,Henry,9,1,21,0,24,22
730,IN,Howard,11,3,43,8,74,55
731,IN,Huntington,6,1,20,2,25,31
732,IN,Jackson,10,1,20,3,34,24
733,IN,Jasper,7,0,14,2,20,23
734,IN,Jay,3,1,8,2,8,19
735,IN,Jefferson,8,1,11,1,20,28
736,IN,Jennings,2,0,12,1,12,13
737,IN,Johnson,11,5,45,13,117,97
738,IN,Knox,6,1,21,5,22,29
739,IN,Kosciusko,13,1,29,4,42,58
740,IN,LaGrange,6,0,13,9,7,25
741,IN,Lake,78,5,199,28,367,296
742,IN,LaPorte,23,1,54,6,79,90
743,IN,Lawrence,9,1,25,3,31,19
744,IN,Madison,22,2,47,5,71,86
745,IN,Marion,143,21,307,57,743,600
746,IN,Marshall,11,1,21,1,39,29
747,IN,Martin,3,0,5,0,8,8
748,IN,Miami,7,0,16,1,19,18
749,IN,Monroe,22,2,43,5,94,115
750,IN,Montgomery,8,1,18,2,24,28
751,IN,Morgan,10,1,28,2,31,28
752,IN,Newton,4,0,10,2,9,10
753,IN,Noble,8,1,16,1,29,36
754,IN,Ohio,1,0,3,0,0,3
755,IN,Orange,5,1,12,0,12,11
756,IN,Owen,2,0,5,1,6,8
757,IN,Parke,2,0,8,0,3,10
758,IN,Perry,4,1,8,0,14,8
759,IN,Pike,5,0,7,0,4,5
760,IN,Porter,14,3,50,7,99,103
761,IN,Posey,4,0,14,0,9,23
762,IN,Pulaski,4,0,6,0,9,11
763,IN,Putnam,3,1,13,1,24,15
764,IN,Randolph,4,1,11,1,5,30
765,IN,Ripley,9,0,14,3,13,16
766,IN,Rush,4,0,11,0,11,12
767,IN,St. Joseph,40,8,86,19,174,196
768,IN,Scott,5,1,11,1,17,7
769,IN,Shelby,8,1,17,1,18,29
770,IN,Spencer,5,0,16,0,4,6
771,IN,Starke,7,0,9,1,9,11
772,IN,Steuben,6,2,20,6,26,50
773,IN,Sullivan,4,0,9,1,9,10
774,IN,Switzerland,2,0,3,0,3,8
775,IN,Tippecanoe,22,6,45,8,123,124
776,IN,Tipton,1,0,8,1,9,7
777,IN,Union,1,0,3,0,5,2
778,IN,Vanderburgh,35,3,66,13,147,139
779,IN,Vermillion,5,0,9,2,11,10
780,IN,Vigo,17,4,52,5,86,86
781,IN,Wabash,5,0,19,1,21,16
782,IN,Warren,2,0,5,0,1,5
783,IN,Warrick,10,2,17,2,23,28
784,IN,Washington,6,0,13,0,11,12
785,IN,Wayne,10,2,31,5,47,51
786,IN,Wells,3,1,9,1,18,14
787,IN,White,4,1,15,1,16,27
788,IN,Whitley,6,1,16,2,19,21
789,IA,Adair,3,0,7,0,4,5
790,IA,Adams,1,0,3,0,3,2
791,IA,Allamakee,6,0,5,2,3,18
792,IA,Appanoose,7,0,10,2,8,11
793,IA,Audubon,2,0,3,0,0,4
794,IA,Benton,4,0,14,1,5,9
795,IA,Black Hawk,22,4,54,11,78,104
796,IA,Boone,4,0,11,0,7,16
797,IA,Bremer,5,1,11,1,10,20
798,IA,Buchanan,4,1,13,1,7,16
799,IA,Buena Vista,4,1,12,3,10,17
800,IA,Butler,6,0,10,2,1,14
801,IA,Calhoun,3,0,8,0,6,7
802,IA,Carroll,7,0,11,4,18,22
803,IA,Cass,6,1,9,2,9,14
804,IA,Cedar,5,0,14,0,11,12
805,IA,Cerro Gordo,10,2,22,4,38,46
806,IA,Cherokee,3,0,11,0,8,11
807,IA,Chickasaw,5,0,9,0,3,12
808,IA,Clarke,3,1,6,0,6,5
809,IA,Clay,3,1,10,3,19,16
810,IA,Clayton,4,0,14,1,10,21
811,IA,Clinton,7,1,29,2,26,34
812,IA,Crawford,4,0,14,1,7,11
813,IA,Dallas,7,2,46,4,33,44
814,IA,Davis,1,0,5,1,2,8
815,IA,Decatur,2,0,4,0,4,5
816,IA,Delaware,4,0,9,0,7,17
817,IA,Des Moines,5,1,23,3,32,30
818,IA,Dickinson,5,1,13,2,16,30
819,IA,Dubuque,12,2,49,7,74,83
820,IA,Emmet,3,0,5,0,5,8
821,IA,Fayette,3,0,12,2,8,19
822,IA,Floyd,2,0,12,0,8,17
823,IA,Franklin,1,0,7,0,3,6
824,IA,Fremont,4,0,4,0,4,9
825,IA,Greene,1,0,8,0,4,10
826,IA,Grundy,4,0,7,1,1,12
827,IA,Guthrie,3,0,10,0,7,7
828,IA,Hamilton,4,0,10,1,3,13
829,IA,Hancock,4,0,8,0,4,9
830,IA,Hardin,6,0,14,0,2,15
831,IA,Harrison,4,0,15,1,9,9
832,IA,Henry,4,1,12,0,11,17
833,IA,Howard,4,0,6,1,2,11
834,IA,Humboldt,3,0,7,1,6,11
835,IA,Ida,2,0,6,0,3,10
836,IA,Iowa,4,0,12,2,9,14
837,IA,Jackson,4,1,14,2,8,23
838,IA,Jasper,6,1,23,0,27,17
839,IA,Jefferson,3,0,8,0,11,11
840,IA,Johnson,22,1,43,5,77,127
841,IA,Jones,5,1,12,1,7,16
842,IA,Keokuk,4,0,10,0,3,4
843,IA,Kossuth,7,0,11,1,9,15
844,IA,Lee,7,1,19,3,18,41
845,IA,Linn,26,6,75,14,158,159
846,IA,Louisa,4,0,6,0,5,8
847,IA,Lucas,1,0,6,0,3,6
848,IA,Lyon,7,0,10,0,4,9
849,IA,Madison,2,0,8,0,6,9
850,IA,Mahaska,3,1,13,3,10,8
851,IA,Marion,6,2,17,6,20,14
852,IA,Marshall,8,1,22,4,22,24
853,IA,Mills,3,0,8,0,3,7
854,IA,Mitchell,5,0,8,1,4,8
855,IA,Monona,2,0,8,0,6,7
856,IA,Monroe,2,0,8,0,5,7
857,IA,Montgomery,3,0,6,0,11,10
858,IA,Muscatine,12,1,21,3,29,28
859,IA,O'Brien,7,0,13,1,13,9
860,IA,Osceola,2,0,2,1,2,7
861,IA,Page,4,0,9,1,9,14
862,IA,Palo Alto,3,0,7,0,7,15
863,IA,Plymouth,5,1,9,1,15,19
864,IA,Pocahontas,4,0,6,0,2,5
865,IA,Polk,61,8,154,24,317,344
866,IA,Pottawattamie,13,2,49,6,61,44
867,IA,Poweshiek,5,1,15,1,13,19
868,IA,Ringgold,2,0,6,0,2,4
869,IA,Sac,5,0,10,0,3,14
870,IA,Scott,26,4,76,10,126,127
871,IA,Shelby,3,0,12,1,8,9
872,IA,Sioux,9,1,21,4,25,26
873,IA,Story,10,2,32,5,62,69
874,IA,Tama,4,0,13,2,8,12
875,IA,Taylor,2,0,5,0,4,4
876,IA,Union,2,1,9,0,6,12
877,IA,Van Buren,6,0,7,0,2,6
878,IA,Wapello,7,1,22,0,30,22
879,IA,Warren,5,1,22,4,19,20
880,IA,Washington,4,0,14,1,7,16
881,IA,Wayne,3,0,6,0,2,6
882,IA,Webster,6,1,23,3,27,20
883,IA,Winnebago,3,0,6,0,5,11
884,IA,Winneshiek,5,1,11,1,6,22
885,IA,Woodbury,20,3,49,9,92,83
886,IA,Worth,2,0,5,0,3,5
887,IA,Wright,5,0,13,2,7,13
888,KS,Allen,3,1,6,1,7,15
889,KS,Anderson,3,0,6,0,3,12
890,KS,Atchison,4,1,8,0,10,11
891,KS,Barber,5,0,5,0,3,8
892,KS,Barton,4,1,10,3,14,28
893,KS,Bourbon,2,1,6,0,12,10
894,KS,Brown,2,1,2,0,7,11
895,KS,Butler,8,1,21,5,43,37
896,KS,Chase,1,0,2,0,0,4
897,KS,Chautauqua,1,0,3,0,1,10
898,KS,Cherokee,3,0,10,1,9,13
899,KS,Cheyenne,4,0,1,1,0,3
900,KS,Clark,2,0,1,0,1,3
901,KS,Clay,1,0,5,1,3,11
902,KS,Cloud,2,1,6,1,6,11
903,KS,Coffey,3,0,7,0,7,6
904,KS,Comanche,2,0,1,0,0,4
905,KS,Cowley,4,2,16,1,17,31
906,KS,Crawford,5,1,20,4,20,32
907,KS,Decatur,1,0,0,0,1,2
908,KS,Dickinson,4,0,11,2,11,14
909,KS,Doniphan,6,0,4,0,1,5
910,KS,Douglas,17,3,34,5,92,86
911,KS,Edwards,1,0,0,1,0,4
912,KS,Elk,0,0,3,0,2,2
913,KS,Ellis,4,1,18,5,28,22
914,KS,Ellsworth,0,0,6,0,2,7
915,KS,Finney,5,2,10,5,22,19
916,KS,Ford,5,1,12,1,13,25
917,KS,Franklin,2,1,14,1,16,16
918,KS,Geary,3,1,13,2,19,17
919,KS,Gove,3,0,2,0,3,3
920,KS,Graham,1,0,3,1,1,2
921,KS,Grant,2,0,2,1,4,10
922,KS,Gray,2,0,2,1,1,3
923,KS,Greeley,1,0,0,0,1,1
924,KS,Greenwood,5,0,4,0,2,6
925,KS,Hamilton,1,0,1,0,0,3
926,KS,Harper,3,0,3,1,4,5
927,KS,Harvey,7,1,12,3,24,19
928,KS,Haskell,1,0,3,0,0,5
929,KS,Hodgeman,1,0,1,0,1,2
930,KS,Jackson,3,0,4,1,6,10
931,KS,Jefferson,5,0,11,2,5,8
932,KS,Jewell,2,0,1,0,0,6
933,KS,Johnson,64,13,116,43,384,386
934,KS,Kearny,1,0,2,0,1,3
935,KS,Kingman,1,0,2,0,4,3
936,KS,Kiowa,0,0,1,1,1,3
937,KS,Labette,5,1,15,0,6,14
938,KS,Lane,1,0,2,0,0,0
939,KS,Leavenworth,6,0,19,3,35,27
940,KS,Lincoln,1,0,4,0,0,5
941,KS,Linn,3,0,8,0,3,4
942,KS,Logan,1,0,2,0,0,5
943,KS,Lyon,6,1,14,4,21,29
944,KS,McPherson,6,1,11,3,13,22
945,KS,Marion,6,0,6,0,5,12
946,KS,Marshall,5,1,8,1,6,13
947,KS,Meade,2,0,4,0,1,3
948,KS,Miami,3,1,14,2,19,23
949,KS,Mitchell,3,0,5,1,6,6
950,KS,Montgomery,4,1,20,3,22,30
951,KS,Morris,2,0,2,1,4,7
952,KS,Morton,1,0,4,0,1,3
953,KS,Nemaha,8,0,4,1,2,12
954,KS,Neosho,6,1,9,0,5,14
955,KS,Ness,2,0,1,0,2,5
956,KS,Norton,3,0,4,0,4,4
957,KS,Osage,3,0,12,0,5,12
958,KS,Osborne,3,0,3,0,1,7
959,KS,Ottawa,1,0,2,0,1,2
960,KS,Pawnee,2,0,2,1,4,4
961,KS,Phillips,3,0,2,0,5,4
962,KS,Pottawatomie,6,0,9,3,9,14
963,KS,Pratt,4,1,4,0,9,7
964,KS,Rawlins,2,0,2,0,0,3
965,KS,Reno,12,1,28,7,52,40
966,KS,Republic,2,0,4,0,3,2
967,KS,Rice,4,0,4,0,7,6
968,KS,Riley,5,1,26,4,48,47
969,KS,Rooks,3,0,3,0,4,7
970,KS,Rush,0,0,2,0,1,2
971,KS,Russell,3,0,4,0,4,8
972,KS,Saline,6,2,26,4,49,30
973,KS,Scott,2,0,1,0,4,4
974,KS,Sedgwick,56,11,122,33,400,329
975,KS,Seward,2,1,4,0,14,16
976,KS,Shawnee,31,4,66,9,139,112
977,KS,Sheridan,1,0,3,0,1,2
978,KS,Sherman,0,1,2,1,7,7
979,KS,Smith,3,0,3,0,1,4
980,KS,Stafford,2,0,2,0,1,5
981,KS,Stanton,1,0,1,0,1,3
982,KS,Stevens,1,0,2,0,4,8
983,KS,Sumner,6,1,6,1,14,12
984,KS,Thomas,2,1,3,0,8,8
985,KS,Trego,0,0,5,0,3,3
986,KS,Wabaunsee,1,0,4,0,1,8
987,KS,Wallace,1,0,1,0,0,1
988,KS,Washington,6,0,6,1,2,9
989,KS,Wichita,1,0,1,0,1,2
990,KS,Wilson,2,0,9,0,6,13
991,KS,Woodson,2,0,3,0,1,3
992,KS,Wyandotte,20,1,52,14,97,93
993,KY,Adair,3,0,11,0,9,10
994,KY,Allen,4,0,9,0,7,6
995,KY,Anderson,1,1,13,0,13,7
996,KY,Ballard,2,0,7,0,1,5
997,KY,Barren,11,1,29,1,39,26
998,KY,Bath,7,0,9,0,4,2
999,KY,Bell,12,1,6,2,25,11
1000,KY,Boone,17,4,45,6,101,100
1001,KY,Bourbon,3,1,13,0,16,7
1002,KY,Boyd,9,2,35,4,49,29
1003,KY,Boyle,7,1,13,1,22,21
1004,KY,Bracken,2,0,5,0,2,8
1005,KY,Breathitt,5,0,8,0,8,4
1006,KY,Breckinridge,5,0,14,0,3,10
1007,KY,Bullitt,7,0,35,0,42,18
1008,KY,Butler,5,0,8,0,6,5
1009,KY,Caldwell,6,0,9,0,8,13
1010,KY,Calloway,3,1,17,1,27,38
1011,KY,Campbell,17,1,43,5,60,78
1012,KY,Carlisle,1,0,3,0,0,2
1013,KY,Carroll,3,1,9,0,12,7
1014,KY,Carter,10,0,19,0,19,11
1015,KY,Casey,8,0,13,1,4,7
1016,KY,Christian,15,2,18,0,45,41
1017,KY,Clark,8,1,22,2,29,22
1018,KY,Clay,3,0,14,0,9,5
1019,KY,Clinton,3,0,8,0,5,5
1020,KY,Crittenden,2,0,3,0,5,5
1021,KY,Cumberland,2,0,5,0,2,4
1022,KY,Daviess,14,3,63,5,74,64
1023,KY,Edmonson,3,0,9,0,2,10
1024,KY,Elliott,1,0,1,0,3,1
1025,KY,Estill,4,0,6,0,7,5
1026,KY,Fayette,50,6,115,16,258,258
1027,KY,Fleming,7,0,12,0,3,2
1028,KY,Floyd,19,0,25,1,22,13
1029,KY,Franklin,6,1,31,6,39,33
1030,KY,Fulton,3,0,4,0,4,7
1031,KY,Gallatin,2,0,10,1,3,3
1032,KY,Garrard,1,0,7,0,6,6
1033,KY,Grant,2,1,21,1,15,14
1034,KY,Graves,5,1,18,1,18,26
1035,KY,Grayson,6,1,29,0,12,6
1036,KY,Green,2,0,6,2,4,6
1037,KY,Greenup,6,0,20,2,17,10
1038,KY,Hancock,0,0,5,0,3,5
1039,KY,Hardin,15,3,51,3,75,56
1040,KY,Harlan,9,0,12,0,16,8
1041,KY,Harrison,4,1,8,0,13,9
1042,KY,Hart,5,0,14,0,5,12
1043,KY,Henderson,8,1,27,1,34,29
1044,KY,Henry,2,0,10,0,4,4
1045,KY,Hickman,2,1,4,0,1,1
1046,KY,Hopkins,10,1,26,1,25,27
1047,KY,Jackson,2,0,14,0,3,3
1048,KY,Jefferson,134,14,250,50,614,501
1049,KY,Jessamine,5,1,20,3,25,24
1050,KY,Johnson,2,1,16,0,17,13
1051,KY,Kenton,25,1,70,16,72,107
1052,KY,Knott,4,0,8,0,3,1
1053,KY,Knox,8,0,10,2,22,14
1054,KY,Larue,4,0,6,0,7,4
1055,KY,Laurel,13,2,43,0,39,30
1056,KY,Lawrence,4,1,13,0,7,4
1057,KY,Lee,1,0,5,0,3,1
1058,KY,Leslie,4,0,5,0,3,1
1059,KY,Letcher,7,0,8,0,19,5
1060,KY,Lewis,6,0,11,0,3,3
1061,KY,Lincoln,8,1,12,0,9,6
1062,KY,Livingston,4,0,7,1,4,4
1063,KY,Logan,5,1,12,0,13,15
1064,KY,Lyon,1,0,3,0,4,8
1065,KY,McCracken,9,3,36,5,76,67
1066,KY,McCreary,6,0,15,0,9,4
1067,KY,McLean,3,0,7,0,6,7
1068,KY,Madison,9,2,53,2,58,40
1069,KY,Magoffin,2,0,10,0,5,2
1070,KY,Marion,3,1,13,0,13,11
1071,KY,Marshall,8,1,12,0,20,27
1072,KY,Martin,3,0,20,0,8,4
1073,KY,Mason,7,1,14,1,15,15
1074,KY,Meade,4,0,18,0,9,9
1075,KY,Menifee,2,0,4,0,1,0
1076,KY,Mercer,5,1,9,0,11,11
1077,KY,Metcalfe,2,0,6,0,3,5
1078,KY,Monroe,4,1,5,1,8,8
1079,KY,Montgomery,7,1,14,1,19,11
1080,KY,Morgan,5,0,10,2,7,3
1081,KY,Muhlenberg,6,1,16,1,22,16
1082,KY,Nelson,4,1,30,3,24,21
1083,KY,Nicholas,3,0,3,0,0,5
1084,KY,Ohio,2,1,14,0,12,11
1085,KY,Oldham,4,1,21,2,26,18
1086,KY,Owen,3,0,5,0,5,4
1087,KY,Owsley,1,0,3,0,1,1
1088,KY,Pendleton,2,0,2,0,3,4
1089,KY,Perry,9,1,25,0,24,14
1090,KY,Pike,20,2,37,2,44,27
1091,KY,Powell,3,0,14,0,10,4
1092,KY,Pulaski,17,1,29,3,39,36
1093,KY,Robertson,1,0,0,0,1,1
1094,KY,Rockcastle,3,0,7,2,7,10
1095,KY,Rowan,7,0,18,0,19,10
1096,KY,Russell,4,0,18,1,11,13
1097,KY,Scott,4,1,18,2,30,28
1098,KY,Shelby,7,1,18,2,25,15
1099,KY,Simpson,4,1,6,0,20,15
1100,KY,Spencer,2,0,4,0,8,1
1101,KY,Taylor,7,1,16,1,20,12
1102,KY,Todd,4,0,7,1,5,3
1103,KY,Trigg,4,0,5,0,9,9
1104,KY,Trimble,1,0,3,1,1,2
1105,KY,Union,5,1,11,0,10,10
1106,KY,Warren,20,3,41,2,78,79
1107,KY,Washington,5,0,5,0,8,5
1108,KY,Wayne,6,1,11,2,15,7
1109,KY,Webster,7,0,14,0,8,5
1110,KY,Whitley,11,1,20,1,29,14
1111,KY,Wolfe,3,0,5,0,2,2
1112,KY,Woodford,4,0,10,0,10,18
1113,LA,Acadia,23,1,39,5,29,17
1114,LA,Allen,3,1,10,1,9,7
1115,LA,Ascension,21,3,50,6,66,46
1116,LA,Assumption,5,0,15,3,5,1
1117,LA,Avoyelles,14,1,32,7,22,11
1118,LA,Beauregard,3,1,21,2,17,9
1119,LA,Bienville,2,0,16,0,10,7
1120,LA,Bossier,18,1,55,7,90,74
1121,LA,Caddo,32,6,149,11,184,134
1122,LA,Calcasieu,31,5,121,11,136,82
1123,LA,Caldwell,7,0,7,0,5,4
1124,LA,Cameron,4,0,5,0,0,0
1125,LA,Catahoula,1,0,7,1,5,1
1126,LA,Claiborne,3,0,9,0,7,5
1127,LA,Concordia,3,1,26,1,14,7
1128,LA,De Soto,3,0,14,0,9,9
1129,LA,East Baton Rouge,114,11,222,42,369,294
1130,LA,East Carroll,3,0,5,1,3,2
1131,LA,East Feliciana,2,0,14,1,10,5
1132,LA,Evangeline,18,1,19,3,10,5
1133,LA,Franklin,5,1,13,1,10,5
1134,LA,Grant,2,0,11,0,2,0
1135,LA,Iberia,22,1,44,7,40,21
1136,LA,Iberville,12,1,18,3,14,14
1137,LA,Jackson,1,1,10,0,10,3
1138,LA,Jefferson,104,7,208,36,341,349
1139,LA,Jefferson Davis,9,1,23,3,20,7
1140,LA,Lafayette,57,5,117,18,184,178
1141,LA,Lafourche,16,3,46,12,49,43
1142,LA,La Salle,2,1,15,0,10,3
1143,LA,Lincoln,2,1,30,2,30,24
1144,LA,Livingston,17,2,78,5,61,45
1145,LA,Madison,2,0,8,0,6,5
1146,LA,Morehouse,4,1,19,1,17,8
1147,LA,Natchitoches,9,1,30,1,21,22
1148,LA,Orleans,137,2,125,29,247,350
1149,LA,Ouachita,20,3,81,8,118,94
1150,LA,Plaquemines,4,0,14,4,14,11
1151,LA,Pointe Coupee,14,0,17,2,12,12
1152,LA,Rapides,14,4,101,5,89,60
1153,LA,Red River,0,0,5,0,4,3
1154,LA,Richland,3,1,14,1,10,6
1155,LA,Sabine,6,0,14,0,7,6
1156,LA,St. Bernard,10,0,17,6,18,24
1157,LA,St. Charles,8,1,27,1,26,27
1158,LA,St. Helena,1,0,7,0,3,2
1159,LA,St. James,7,0,11,1,10,8
1160,LA,St. John the Baptist,14,1,20,3,25,23
1161,LA,St. Landry,32,2,53,6,40,23
1162,LA,St. Martin,16,1,23,6,22,23
1163,LA,St. Mary,16,1,36,2,32,27
1164,LA,St. Tammany,36,5,103,15,154,210
1165,LA,Tangipahoa,25,2,83,7,70,79
1166,LA,Tensas,1,0,5,1,1,3
1167,LA,Terrebonne,19,3,72,13,72,75
1168,LA,Union,7,1,19,0,9,7
1169,LA,Vermilion,17,1,24,7,20,20
1170,LA,Vernon,6,1,32,2,24,18
1171,LA,Washington,12,0,23,1,20,24
1172,LA,Webster,7,2,30,1,30,16
1173,LA,West Baton Rouge,5,1,22,2,16,11
1174,LA,West Carroll,4,1,7,0,7,2
1175,LA,West Feliciana,4,0,11,0,4,12
1176,LA,Winn,3,1,9,0,8,7
1177,ME,Androscoggin,20,2,67,10,61,87
1178,ME,Aroostook,30,1,64,0,39,61
1179,ME,Cumberland,66,4,161,43,233,335
1180,ME,Franklin,12,1,28,6,16,40
1181,ME,Hancock,28,0,35,4,42,105
1182,ME,Kennebec,29,3,90,12,86,95
1183,ME,Knox,16,0,36,6,30,74
1184,ME,Lincoln,13,0,34,9,24,46
1185,ME,Oxford,13,2,49,3,24,46
1186,ME,Penobscot,32,2,118,9,93,110
1187,ME,Piscataquis,8,0,18,3,6,16
1188,ME,Sagadahoc,8,0,19,3,23,34
1189,ME,Somerset,13,1,53,2,27,42
1190,ME,Waldo,8,0,31,2,17,32
1191,ME,Washington,18,0,32,1,19,34
1192,ME,York,46,1,123,27,144,239
1193,MD,Allegany,17,1,25,6,60,50
1194,MD,Anne Arundel,85,6,181,44,449,326
1195,MD,Baltimore,128,9,254,70,684,378
1196,MD,Calvert,13,0,28,5,55,52
1197,MD,Caroline,7,0,25,3,13,14
1198,MD,Carroll,22,1,46,6,103,94
1199,MD,Cecil,20,1,40,3,53,43
1200,MD,Charles,22,2,40,9,96,74
1201,MD,Dorchester,6,0,24,2,24,20
1202,MD,Frederick,35,3,69,13,178,139
1203,MD,Garrett,5,1,18,6,17,26
1204,MD,Harford,33,2,82,17,150,116
1205,MD,Howard,40,2,76,21,229,156
1206,MD,Kent,5,0,11,4,15,25
1207,MD,Montgomery,204,2,174,75,727,586
1208,MD,Prince George's,155,3,254,46,657,268
1209,MD,Queen Anne's,10,0,20,8,26,33
1210,MD,St. Mary's,17,2,36,6,71,61
1211,MD,Somerset,5,0,11,2,9,12
1212,MD,Talbot,12,0,19,7,28,54
1213,MD,Washington,28,3,46,10,101,96
1214,MD,Wicomico,10,3,49,10,78,58
1215,MD,Worcester,16,1,43,24,83,155
1216,MD,Baltimore,200,0,206,64,619,314
1217,MA,Barnstable,65,1,119,59,214,420
1218,MA,Berkshire,34,0,75,17,102,202
1219,MA,Bristol,110,5,253,53,349,452
1220,MA,Dukes,12,0,10,13,16,60
1221,MA,Essex,143,3,242,74,547,579
1222,MA,Franklin,27,1,34,4,39,60
1223,MA,Hampden,95,4,198,33,260,322
1224,MA,Hampshire,32,1,50,12,93,162
1225,MA,Middlesex,272,5,507,120,1059,1163
1226,MA,Nantucket,4,0,6,4,17,45
1227,MA,Norfolk,101,6,244,68,393,563
1228,MA,Plymouth,82,3,233,48,298,369
1229,MA,Suffolk,205,2,300,77,645,754
1230,MA,Worcester,140,7,317,53,502,575
1231,MI,Alcona,3,0,8,1,3,6
1232,MI,Alger,7,0,10,1,3,13
1233,MI,Allegan,20,2,51,3,46,86
1234,MI,Alpena,9,1,17,1,19,24
1235,MI,Antrim,8,0,13,3,8,29
1236,MI,Arenac,6,0,15,2,11,13
1237,MI,Baraga,3,0,6,0,5,5
1238,MI,Barry,11,0,33,3,18,36
1239,MI,Bay,20,3,63,14,89,69
1240,MI,Benzie,7,0,7,1,10,22
1241,MI,Berrien,41,3,63,16,103,166
1242,MI,Branch,3,2,23,2,22,29
1243,MI,Calhoun,25,4,76,7,96,83
1244,MI,Cass,14,0,20,4,15,22
1245,MI,Charlevoix,8,0,20,6,21,30
1246,MI,Cheboygan,7,1,22,8,12,35
1247,MI,Chippewa,13,0,24,4,23,33
1248,MI,Clare,11,0,27,2,19,21
1249,MI,Clinton,6,2,26,3,31,35
1250,MI,Crawford,2,0,14,0,10,11
1251,MI,Delta,15,1,21,5,27,31
1252,MI,Dickinson,6,1,16,3,23,17
1253,MI,Eaton,14,5,37,4,70,70
1254,MI,Emmet,18,1,23,7,28,51
1255,MI,Genesee,103,9,189,27,266,231
1256,MI,Gladwin,4,0,22,3,8,16
1257,MI,Gogebic,4,1,11,1,11,21
1258,MI,Grand Traverse,22,2,31,17,60,93
1259,MI,Gratiot,9,0,23,3,16,22
1260,MI,Hillsdale,7,1,24,5,19,34
1261,MI,Houghton,10,1,20,2,23,38
1262,MI,Huron,9,1,31,6,26,38
1263,MI,Ingham,52,6,113,14,228,201
1264,MI,Ionia,10,2,25,3,26,29
1265,MI,Iosco,8,1,17,1,18,26
1266,MI,Iron,3,0,14,2,6,15
1267,MI,Isabella,8,3,35,2,38,43
1268,MI,Jackson,24,4,80,11,92,91
1269,MI,Kalamazoo,45,7,100,15,182,189
1270,MI,Kalkaska,6,0,11,1,7,9
1271,MI,Kent,123,19,182,69,395,382
1272,MI,Keweenaw,1,0,1,0,0,7
1273,MI,Lake,2,0,10,1,3,17
1274,MI,Lapeer,12,2,38,2,35,45
1275,MI,Leelanau,11,0,10,9,8,37
1276,MI,Lenawee,19,2,40,7,59,69
1277,MI,Livingston,24,7,51,11,91,98
1278,MI,Luce,6,0,4,0,2,9
1279,MI,Mackinac,6,0,14,4,13,32
1280,MI,Macomb,150,17,322,92,526,596
1281,MI,Manistee,11,0,17,3,9,31
1282,MI,Marquette,15,1,36,6,51,47
1283,MI,Mason,6,2,17,2,17,28
1284,MI,Mecosta,8,2,26,1,25,33
1285,MI,Menominee,5,0,8,1,11,20
1286,MI,Midland,13,2,40,4,50,43
1287,MI,Missaukee,3,0,6,2,6,8
1288,MI,Monroe,22,1,48,9,96,83
1289,MI,Montcalm,15,2,36,2,24,36
1290,MI,Montmorency,4,0,8,0,3,12
1291,MI,Muskegon,26,6,73,18,107,106
1292,MI,Newaygo,8,1,26,5,25,27
1293,MI,Oakland,267,24,433,120,937,1016
1294,MI,Oceana,9,0,21,6,7,25
1295,MI,Ogemaw,6,1,13,1,15,23
1296,MI,Ontonagon,4,0,7,0,0,12
1297,MI,Osceola,8,0,11,0,8,22
1298,MI,Oscoda,3,0,8,0,3,8
1299,MI,Otsego,5,2,24,3,20,24
1300,MI,Ottawa,37,7,69,26,144,121
1301,MI,Presque Isle,5,0,9,1,7,17
1302,MI,Roscommon,6,1,21,4,14,29
1303,MI,Saginaw,46,6,94,19,141,90
1304,MI,St. Clair,28,5,70,4,78,117
1305,MI,St. Joseph,16,3,31,6,29,45
1306,MI,Sanilac,10,1,29,2,15,28
1307,MI,Schoolcraft,4,0,9,1,8,11
1308,MI,Shiawassee,12,2,30,1,41,37
1309,MI,Tuscola,9,1,29,1,17,25
1310,MI,Van Buren,17,1,55,5,41,60
1311,MI,Washtenaw,61,5,93,38,233,260
1312,MI,Wayne,464,19,856,192,1206,1028
1313,MI,Wexford,8,2,21,0,25,26
1314,MN,Aitkin,3,0,16,0,7,22
1315,MN,Anoka,34,5,106,14,194,136
1316,MN,Becker,4,1,23,2,19,25
1317,MN,Beltrami,7,1,26,6,18,34
1318,MN,Benton,6,0,17,4,18,19
1319,MN,Big Stone,3,0,2,1,1,11
1320,MN,Blue Earth,8,2,25,8,50,57
1321,MN,Brown,6,1,10,2,15,20
1322,MN,Carlton,5,1,22,1,13,22
1323,MN,Carver,8,1,27,5,47,45
1324,MN,Cass,9,0,22,3,7,43
1325,MN,Chippewa,5,1,7,0,8,9
1326,MN,Chisago,6,0,28,3,28,29
1327,MN,Clay,6,0,20,2,30,25
1328,MN,Clearwater,4,0,6,0,2,10
1329,MN,Cook,5,0,6,1,4,16
1330,MN,Cottonwood,6,0,7,0,8,5
1331,MN,Crow Wing,14,1,32,8,42,66
1332,MN,Dakota,41,7,122,32,250,199
1333,MN,Dodge,3,0,6,1,6,11
1334,MN,Douglas,6,1,26,3,30,43
1335,MN,Faribault,7,0,8,1,7,14
1336,MN,Fillmore,7,0,10,1,11,25
1337,MN,Freeborn,4,1,9,6,24,26
1338,MN,Goodhue,10,1,25,7,36,36
1339,MN,Grant,3,0,5,0,2,4
1340,MN,Hennepin,221,15,352,100,894,802
1341,MN,Houston,4,0,9,2,5,20
1342,MN,Hubbard,4,1,19,5,7,22
1343,MN,Isanti,4,1,13,2,14,23
1344,MN,Itasca,7,0,38,1,15,40
1345,MN,Jackson,2,0,6,1,3,7
1346,MN,Kanabec,1,0,6,0,7,15
1347,MN,Kandiyohi,8,1,21,4,24,25
1348,MN,Kittson,3,0,4,2,2,3
1349,MN,Koochiching,6,0,15,0,8,18
1350,MN,Lac qui Parle,2,0,2,1,2,5
1351,MN,Lake,2,0,7,5,7,17
1352,MN,Lake of the Woods,2,0,3,0,4,4
1353,MN,Le Sueur,6,0,14,3,6,16
1354,MN,Lincoln,5,0,5,1,5,5
1355,MN,Lyon,8,1,8,2,20,19
1356,MN,McLeod,5,1,20,6,26,18
1357,MN,Mahnomen,2,0,6,0,1,4
1358,MN,Marshall,6,0,3,0,2,10
1359,MN,Martin,4,1,12,2,17,16
1360,MN,Meeker,4,1,13,2,9,14
1361,MN,Mille Lacs,8,0,21,2,11,25
1362,MN,Morrison,10,1,16,5,15,25
1363,MN,Mower,9,1,20,4,25,27
1364,MN,Murray,3,0,8,0,3,10
1365,MN,Nicollet,5,0,10,2,19,16
1366,MN,Nobles,5,1,9,4,12,16
1367,MN,Norman,4,0,3,1,2,5
1368,MN,Olmsted,26,5,47,4,92,82
1369,MN,Otter Tail,11,0,38,4,29,49
1370,MN,Pennington,3,1,8,1,7,15
1371,MN,Pine,4,1,25,0,9,19
1372,MN,Pipestone,5,0,7,3,6,6
1373,MN,Polk,7,1,14,1,19,23
1374,MN,Pope,3,0,8,3,4,13
1375,MN,Ramsey,97,5,154,47,363,335
1376,MN,Red Lake,3,0,1,0,2,6
1377,MN,Redwood,5,0,7,0,10,8
1378,MN,Renville,6,0,9,1,6,15
1379,MN,Rice,6,1,24,6,33,30
1380,MN,Rock,1,0,5,0,7,4
1381,MN,Roseau,5,0,11,0,7,15
1382,MN,St. Louis,36,2,107,13,109,170
1383,MN,Scott,12,3,34,14,59,55
1384,MN,Sherburne,6,1,27,8,47,36
1385,MN,Sibley,4,0,8,3,6,8
1386,MN,Stearns,35,2,52,13,109,113
1387,MN,Steele,8,1,14,3,21,23
1388,MN,Stevens,5,0,4,0,6,11
1389,MN,Swift,4,0,6,2,6,11
1390,MN,Todd,9,0,11,2,9,17
1391,MN,Traverse,2,0,2,0,2,2
1392,MN,Wabasha,4,0,13,2,9,24
1393,MN,Wadena,5,1,10,0,9,13
1394,MN,Waseca,3,1,8,3,9,12
1395,MN,Washington,21,2,50,15,113,144
1396,MN,Watonwan,5,0,5,1,6,12
1397,MN,Wilkin,0,0,4,0,2,5
1398,MN,Winona,9,1,20,5,31,38
1399,MN,Wright,11,3,44,17,63,70
1400,MN,Yellow Medicine,5,0,9,1,6,5
1401,MS,Adams,4,1,24,3,22,23
1402,MS,Alcorn,6,1,23,1,26,29
1403,MS,Amite,2,0,9,0,3,0
1404,MS,Attala,4,1,14,0,9,8
1405,MS,Benton,1,0,7,1,0,1
1406,MS,Bolivar,11,1,23,1,15,24
1407,MS,Calhoun,4,0,10,1,6,6
1408,MS,Carroll,1,0,5,0,3,6
1409,MS,Chickasaw,3,0,11,0,9,8
1410,MS,Choctaw,5,0,4,0,4,4
1411,MS,Claiborne,2,0,7,0,6,2
1412,MS,Clarke,4,0,15,1,3,6
1413,MS,Clay,6,0,22,1,9,15
1414,MS,Coahoma,8,1,21,2,15,13
1415,MS,Copiah,6,0,20,0,13,10
1416,MS,Covington,5,0,12,3,9,8
1417,MS,DeSoto,18,4,67,6,105,108
1418,MS,Forrest,13,2,64,4,71,45
1419,MS,Franklin,2,0,6,0,2,3
1420,MS,George,2,1,18,1,9,13
1421,MS,Greene,4,0,8,0,1,2
1422,MS,Grenada,4,1,19,1,20,15
1423,MS,Hancock,4,1,20,1,24,28
1424,MS,Harrison,20,4,88,11,136,129
1425,MS,Hinds,36,3,146,4,178,110
1426,MS,Holmes,6,0,15,1,6,4
1427,MS,Humphreys,3,0,9,0,3,3
1428,MS,Issaquena,0,0,0,0,0,0
1429,MS,Itawamba,5,1,12,0,11,12
1430,MS,Jackson,24,2,77,8,88,86
1431,MS,Jasper,3,0,11,0,5,4
1432,MS,Jefferson,1,0,5,0,1,0
1433,MS,Jefferson Davis,3,0,10,0,5,4
1434,MS,Jones,11,1,44,1,56,27
1435,MS,Kemper,1,0,8,0,1,2
1436,MS,Lafayette,4,1,23,7,36,51
1437,MS,Lamar,10,2,20,8,52,37
1438,MS,Lauderdale,15,3,69,2,63,53
1439,MS,Lawrence,5,0,13,0,8,4
1440,MS,Leake,2,1,18,0,12,6
1441,MS,Lee,16,3,73,6,85,66
1442,MS,Leflore,10,1,32,2,16,18
1443,MS,Lincoln,3,1,23,1,28,12
1444,MS,Lowndes,11,1,45,3,35,39
1445,MS,Madison,13,2,56,8,89,64
1446,MS,Marion,5,1,18,2,24,10
1447,MS,Marshall,9,1,29,0,8,12
1448,MS,Monroe,9,1,14,1,15,27
1449,MS,Montgomery,2,0,15,0,11,8
1450,MS,Neshoba,3,1,24,0,21,9
1451,MS,Newton,5,1,17,0,13,4
1452,MS,Noxubee,3,0,8,0,4,0
1453,MS,Oktibbeha,2,1,30,1,35,37
1454,MS,Panola,4,1,45,1,22,15
1455,MS,Pearl River,8,1,31,0,34,20
1456,MS,Perry,3,0,12,0,2,2
1457,MS,Pike,9,1,44,3,30,21
1458,MS,Pontotoc,6,1,17,1,13,13
1459,MS,Prentiss,8,0,14,0,13,9
1460,MS,Quitman,3,0,3,0,3,2
1461,MS,Rankin,12,4,74,4,111,72
1462,MS,Scott,9,1,23,1,21,9
1463,MS,Sharkey,2,0,7,0,3,0
1464,MS,Simpson,5,1,16,0,12,12
1465,MS,Smith,5,0,8,1,6,3
1466,MS,Stone,3,1,13,1,10,11
1467,MS,Sunflower,9,1,22,0,11,7
1468,MS,Tallahatchie,2,0,12,0,6,2
1469,MS,Tate,3,1,20,1,13,8
1470,MS,Tippah,6,0,13,0,7,8
1471,MS,Tishomingo,11,0,12,0,9,16
1472,MS,Tunica,1,0,19,0,12,5
1473,MS,Union,3,1,17,0,13,8
1474,MS,Walthall,3,0,8,0,7,7
1475,MS,Warren,5,1,40,3,39,27
1476,MS,Washington,11,1,48,3,26,25
1477,MS,Wayne,4,1,17,2,11,13
1478,MS,Webster,3,0,11,0,3,4
1479,MS,Wilkinson,4,0,7,1,2,0
1480,MS,Winston,4,1,18,0,10,10
1481,MS,Yalobusha,2,0,11,0,6,6
1482,MS,Yazoo,3,0,21,0,11,9
1483,MO,Adair,3,1,14,1,20,20
1484,MO,Andrew,3,0,12,1,7,4
1485,MO,Atchison,4,0,4,1,2,4
1486,MO,Audrain,4,1,17,0,13,14
1487,MO,Barry,7,2,24,0,13,28
1488,MO,Barton,2,1,8,0,7,6
1489,MO,Bates,4,0,11,1,9,12
1490,MO,Benton,4,1,12,1,4,26
1491,MO,Bollinger,2,0,8,1,2,6
1492,MO,Boone,26,4,65,10,122,158
1493,MO,Buchanan,14,3,38,6,73,62
1494,MO,Butler,12,1,31,1,26,25
1495,MO,Caldwell,5,0,6,0,4,7
1496,MO,Callaway,5,1,26,0,22,23
1497,MO,Camden,8,2,36,7,29,95
1498,MO,Cape Girardeau,10,3,42,6,56,73
1499,MO,Carroll,2,0,7,1,4,7
1500,MO,Carter,5,0,2,0,3,3
1501,MO,Cass,13,2,42,4,51,60
1502,MO,Cedar,3,0,9,0,8,12
1503,MO,Chariton,3,0,6,0,2,7
1504,MO,Christian,8,2,33,3,40,41
1505,MO,Clark,2,0,8,0,2,4
1506,MO,Clay,32,4,55,11,155,142
1507,MO,Clinton,2,0,10,2,5,11
1508,MO,Cole,11,2,38,7,54,54
1509,MO,Cooper,3,0,14,1,15,12
1510,MO,Crawford,3,0,13,0,10,15
1511,MO,Dade,1,0,8,1,5,7
1512,MO,Dallas,3,0,13,1,9,7
1513,MO,Daviess,3,0,5,1,2,5
1514,MO,DeKalb,3,1,5,0,3,3
1515,MO,Dent,5,1,8,1,7,7
1516,MO,Douglas,2,1,10,1,4,10
1517,MO,Dunklin,14,1,23,1,17,26
1518,MO,Franklin,18,3,49,5,56,63
1519,MO,Gasconade,7,1,11,0,9,19
1520,MO,Gentry,3,0,7,0,6,5
1521,MO,Greene,36,7,120,12,239,219
1522,MO,Grundy,5,0,5,0,5,6
1523,MO,Harrison,4,1,9,2,5,9
1524,MO,Henry,3,1,21,1,13,28
1525,MO,Hickory,1,0,2,0,1,10
1526,MO,Holt,2,0,7,0,5,3
1527,MO,Howard,3,0,4,1,2,7
1528,MO,Howell,9,1,31,1,27,28
1529,MO,Iron,4,0,11,0,1,7
1530,MO,Jackson,98,11,235,42,502,457
1531,MO,Jasper,11,5,67,6,98,100
1532,MO,Jefferson,26,2,88,7,118,95
1533,MO,Johnson,5,1,24,2,32,35
1534,MO,Knox,1,0,2,0,0,4
1535,MO,Laclede,8,1,27,1,19,29
1536,MO,Lafayette,7,0,19,3,21,23
1537,MO,Lawrence,8,0,27,0,18,27
1538,MO,Lewis,2,0,9,1,0,13
1539,MO,Lincoln,5,1,24,3,19,24
1540,MO,Linn,2,1,7,1,6,7
1541,MO,Livingston,3,1,8,0,4,13
1542,MO,McDonald,4,1,18,1,5,11
1543,MO,Macon,3,0,14,1,8,13
1544,MO,Madison,2,1,9,0,7,9
1545,MO,Maries,2,0,7,0,2,8
1546,MO,Marion,7,1,28,0,23,25
1547,MO,Mercer,1,0,2,0,1,6
1548,MO,Miller,6,0,20,0,16,24
1549,MO,Mississippi,6,0,8,0,7,10
1550,MO,Moniteau,3,0,10,0,8,10
1551,MO,Monroe,2,0,6,0,2,10
1552,MO,Montgomery,6,0,5,0,4,8
1553,MO,Morgan,8,1,14,1,3,30
1554,MO,New Madrid,6,1,13,0,10,14
1555,MO,Newton,7,1,36,3,29,32
1556,MO,Nodaway,1,1,8,1,13,13
1557,MO,Oregon,4,0,7,0,3,6
1558,MO,Osage,4,0,9,0,2,14
1559,MO,Ozark,3,0,7,0,4,6
1560,MO,Pemiscot,7,0,10,2,6,13
1561,MO,Perry,3,1,14,1,12,16
1562,MO,Pettis,9,1,22,2,30,31
1563,MO,Phelps,8,1,27,0,29,31
1564,MO,Pike,5,0,16,0,7,12
1565,MO,Platte,12,1,21,6,66,71
1566,MO,Polk,4,1,15,0,14,15
1567,MO,Pulaski,6,1,25,3,20,34
1568,MO,Putnam,2,0,3,0,4,1
1569,MO,Ralls,3,0,9,0,1,4
1570,MO,Randolph,3,1,12,1,11,17
1571,MO,Ray,3,1,14,0,9,10
1572,MO,Reynolds,2,0,6,0,1,2
1573,MO,Ripley,2,0,9,0,7,1
1574,MO,St. Charles,40,4,103,25,250,252
1575,MO,St. Clair,6,0,7,1,1,9
1576,MO,Ste. Genevieve,3,0,13,2,7,14
1577,MO,St. Francois,10,2,38,2,41,35
1578,MO,St. Louis County,182,8,334,77,815,718
1579,MO,Saline,6,1,18,0,15,14
1580,MO,Schuyler,4,0,5,1,2,1
1581,MO,Scotland,2,0,2,0,1,6
1582,MO,Scott,14,0,29,1,19,32
1583,MO,Shannon,3,0,4,0,0,8
1584,MO,Shelby,2,0,5,0,1,7
1585,MO,Stoddard,7,1,23,0,12,16
1586,MO,Stone,6,1,20,1,12,32
1587,MO,Sullivan,3,0,3,0,2,5
1588,MO,Taney,13,1,37,7,48,78
1589,MO,Texas,7,1,16,0,9,17
1590,MO,Vernon,2,1,11,2,13,17
1591,MO,Warren,4,1,11,2,10,17
1592,MO,Washington,3,1,10,1,8,7
1593,MO,Wayne,4,0,12,0,4,8
1594,MO,Webster,6,1,20,1,13,16
1595,MO,Worth,1,0,2,0,1,2
1596,MO,Wright,6,1,13,1,9,9
1597,MO,St. Louis City,115,0,125,27,296,345
1598,MT,Beaverhead,3,0,8,0,7,17
1599,MT,Big Horn,3,0,14,0,4,7
1600,MT,Blaine,4,0,4,1,3,4
1601,MT,Broadwater,1,0,2,1,1,6
1602,MT,Carbon,3,0,3,0,5,13
1603,MT,Carter,1,0,3,0,0,0
1604,MT,Cascade,13,2,26,11,72,73
1605,MT,Chouteau,3,0,1,1,2,3
1606,MT,Custer,2,1,4,0,8,12
1607,MT,Daniels,2,0,1,0,2,2
1608,MT,Dawson,3,0,6,1,6,6
1609,MT,Deer Lodge,3,0,5,0,4,8
1610,MT,Fallon,1,0,3,0,2,5
1611,MT,Fergus,10,0,5,1,7,17
1612,MT,Flathead,14,1,43,10,75,98
1613,MT,Gallatin,19,2,35,8,83,121
1614,MT,Garfield,1,0,2,0,0,1
1615,MT,Glacier,5,0,6,1,7,14
1616,MT,Golden Valley,0,0,1,0,0,0
1617,MT,Granite,2,0,3,1,4,3
1618,MT,Hill,1,1,9,2,15,13
1619,MT,Jefferson,3,0,4,0,5,13
1620,MT,Judith Basin,3,0,0,0,0,3
1621,MT,Lake,8,0,16,1,20,26
1622,MT,Lewis and Clark,10,2,19,3,45,60
1623,MT,Liberty,2,0,0,0,1,2
1624,MT,Lincoln,8,0,10,0,12,20
1625,MT,McCone,1,0,1,0,3,1
1626,MT,Madison,3,0,6,2,4,23
1627,MT,Meagher,2,0,1,0,3,6
1628,MT,Mineral,3,0,4,1,2,5
1629,MT,Missoula,21,2,41,10,79,86
1630,MT,Musselshell,2,0,3,1,2,3
1631,MT,Park,5,0,10,2,11,34
1632,MT,Petroleum,1,0,0,0,0,1
1633,MT,Phillips,2,0,3,0,0,4
1634,MT,Pondera,2,0,5,2,3,6
1635,MT,Powder River,1,0,1,0,3,2
1636,MT,Powell,2,0,2,0,3,9
1637,MT,Prairie,1,0,1,0,1,3
1638,MT,Ravalli,12,0,18,3,23,39
1639,MT,Richland,3,0,4,1,10,8
1640,MT,Roosevelt,5,0,8,0,4,7
1641,MT,Rosebud,5,0,4,0,4,10
1642,MT,Sanders,7,0,8,2,7,13
1643,MT,Sheridan,2,0,2,0,2,7
1644,MT,Silver Bow,6,1,12,5,35,41
1645,MT,Stillwater,3,0,6,1,2,9
1646,MT,Sweet Grass,1,0,3,0,1,6
1647,MT,Teton,2,0,4,0,0,6
1648,MT,Toole,3,0,0,0,2,10
1649,MT,Treasure,0,0,0,0,0,2
1650,MT,Valley,3,0,4,1,8,9
1651,MT,Wheatland,2,0,1,0,1,2
1652,MT,Wibaux,1,0,2,0,1,2
1653,MT,Yellowstone,19,4,71,13,116,110
1654,NE,Adams,8,1,12,2,28,20
1655,NE,Antelope,5,0,7,0,3,6
1656,NE,Arthur,1,0,0,0,0,1
1657,NE,Banner,0,0,0,0,0,0
1658,NE,Blaine,0,0,1,0,0,1
1659,NE,Boone,4,0,6,1,2,5
1660,NE,Box Butte,4,0,6,0,5,13
1661,NE,Boyd,3,0,1,0,0,3
1662,NE,Brown,3,0,4,0,0,4
1663,NE,Buffalo,7,1,29,4,40,36
1664,NE,Burt,2,0,4,0,2,9
1665,NE,Butler,2,0,4,1,1,6
1666,NE,Cass,6,0,14,0,14,13
1667,NE,Cedar,4,0,6,3,2,7
1668,NE,Chase,3,0,2,0,2,5
1669,NE,Cherry,3,0,7,0,4,6
1670,NE,Cheyenne,3,1,6,0,7,11
1671,NE,Clay,6,0,2,0,1,5
1672,NE,Colfax,5,0,4,3,3,13
1673,NE,Cuming,4,0,9,0,7,11
1674,NE,Custer,8,0,7,1,2,11
1675,NE,Dakota,5,1,7,0,14,11
1676,NE,Dawes,2,1,7,0,6,8
1677,NE,Dawson,5,1,12,1,18,21
1678,NE,Deuel,1,0,3,0,0,3
1679,NE,Dixon,2,0,2,0,1,6
1680,NE,Dodge,7,1,20,3,28,27
1681,NE,Douglas,86,10,161,44,379,390
1682,NE,Dundy,1,0,0,0,1,3
1683,NE,Fillmore,6,0,4,1,4,8
1684,NE,Franklin,2,0,4,1,0,2
1685,NE,Frontier,4,0,1,0,0,2
1686,NE,Furnas,4,0,5,0,2,4
1687,NE,Gage,4,1,12,4,12,14
1688,NE,Garden,1,0,2,0,1,1
1689,NE,Garfield,2,0,3,0,1,4
1690,NE,Gosper,2,0,1,0,0,1
1691,NE,Grant,1,0,1,0,0,1
1692,NE,Greeley,3,0,1,0,0,1
1693,NE,Hall,10,3,28,5,40,46
1694,NE,Hamilton,2,0,4,1,2,4
1695,NE,Harlan,1,0,2,0,2,6
1696,NE,Hayes,1,0,0,0,1,0
1697,NE,Hitchcock,2,0,3,0,0,4
1698,NE,Holt,9,0,12,0,5,12
1699,NE,Hooker,1,0,0,0,1,1
1700,NE,Howard,3,0,5,1,1,5
1701,NE,Jefferson,2,1,3,1,4,9
1702,NE,Johnson,3,0,3,0,0,6
1703,NE,Kearney,3,0,2,0,3,2
1704,NE,Keith,3,0,10,1,9,13
1705,NE,Keya Paha,1,0,1,0,0,1
1706,NE,Kimball,1,0,3,0,2,5
1707,NE,Knox,6,0,9,0,0,10
1708,NE,Lancaster,38,5,101,19,245,164
1709,NE,Lincoln,7,1,24,4,25,23
1710,NE,Logan,1,0,1,0,1,0
1711,NE,Loup,0,0,1,0,0,0
1712,NE,McPherson,1,0,0,0,0,2
1713,NE,Madison,7,1,15,3,31,22
1714,NE,Merrick,2,0,7,0,6,4
1715,NE,Morrill,3,0,3,0,7,3
1716,NE,Nance,2,0,4,0,1,3
1717,NE,Nemaha,4,0,5,1,5,8
1718,NE,Nuckolls,2,0,3,0,0,5
1719,NE,Otoe,4,1,12,1,9,12
1720,NE,Pawnee,2,0,1,0,2,0
1721,NE,Perkins,1,0,3,0,0,2
1722,NE,Phelps,3,0,5,0,8,6
1723,NE,Pierce,5,0,6,0,2,2
1724,NE,Platte,6,1,21,3,21,17
1725,NE,Polk,4,0,3,0,1,5
1726,NE,Red Willow,2,1,3,3,10,6
1727,NE,Richardson,2,0,5,0,5,7
1728,NE,Rock,1,0,1,0,0,3
1729,NE,Saline,7,1,7,3,7,9
1730,NE,Sarpy,14,3,48,7,91,69
1731,NE,Saunders,6,0,13,3,8,16
1732,NE,Scotts Bluff,6,1,14,2,30,40
1733,NE,Seward,5,1,13,4,9,6
1734,NE,Sheridan,5,0,4,0,3,5
1735,NE,Sherman,2,0,1,0,0,4
1736,NE,Sioux,0,0,0,0,0,0
1737,NE,Stanton,1,0,2,0,1,5
1738,NE,Thayer,4,0,4,1,1,8
1739,NE,Thomas,1,0,0,0,0,2
1740,NE,Thurston,1,0,3,1,3,1
1741,NE,Valley,3,0,3,1,4,5
1742,NE,Washington,2,0,7,0,9,16
1743,NE,Wayne,4,0,4,1,9,5
1744,NE,Webster,2,0,4,0,1,3
1745,NE,Wheeler,0,0,2,0,0,3
1746,NE,York,3,1,5,2,13,17
1747,NV,Churchill,2,1,10,1,15,13
1748,NV,Clark,267,26,619,106,1585,1119
1749,NV,Douglas,5,1,19,2,33,49
1750,NV,Elko,10,1,18,1,30,29
1751,NV,Esmeralda,1,0,0,0,0,1
1752,NV,Eureka,2,0,2,0,1,1
1753,NV,Humboldt,4,1,16,0,7,18
1754,NV,Lander,2,0,5,0,1,5
1755,NV,Lincoln,4,0,5,0,2,3
1756,NV,Lyon,5,1,21,1,23,19
1757,NV,Mineral,1,0,4,0,2,4
1758,NV,Nye,7,1,27,0,18,19
1759,NV,Pershing,1,0,5,0,3,5
1760,NV,Storey,0,0,1,2,1,8
1761,NV,Washoe,65,8,150,30,337,299
1762,NV,White Pine,3,0,6,1,3,8
1763,NV,Carson City,12,2,20,5,49,50
1764,NH,Belknap,15,1,41,11,44,81
1765,NH,Carroll,17,0,47,6,49,109
1766,NH,Cheshire,21,0,56,2,41,66
1767,NH,Coos,13,1,32,1,22,36
1768,NH,Grafton,32,3,61,10,65,123
1769,NH,Hillsborough,65,5,164,32,298,308
1770,NH,Merrimack,25,3,80,15,111,107
1771,NH,Rockingham,44,6,151,43,305,273
1772,NH,Strafford,20,2,74,7,83,88
1773,NH,Sullivan,7,1,31,1,21,21
1774,NJ,Atlantic,84,2,78,35,185,305
1775,NJ,Bergen,249,3,211,162,720,740
1776,NJ,Burlington,72,3,110,46,324,234
1777,NJ,Camden,143,1,136,62,383,272
1778,NJ,Cape May,38,0,35,49,178,257
1779,NJ,Cumberland,40,2,51,11,99,77
1780,NJ,Essex,328,0,142,105,505,447
1781,NJ,Gloucester,49,6,91,46,184,138
1782,NJ,Hudson,247,3,154,84,469,374
1783,NJ,Hunterdon,22,2,31,21,89,111
1784,NJ,Mercer,116,2,99,42,272,270
1785,NJ,Middlesex,222,4,205,94,586,501
1786,NJ,Monmouth,159,5,166,78,482,617
1787,NJ,Morris,99,5,92,56,404,414
1788,NJ,Ocean,105,5,147,80,398,385
1789,NJ,Passaic,229,2,93,72,329,277
1790,NJ,Salem,15,0,20,4,38,28
1791,NJ,Somerset,65,3,67,37,240,254
1792,NJ,Sussex,27,0,46,14,84,104
1793,NJ,Union,148,3,125,73,319,378
1794,NJ,Warren,29,0,29,11,87,70
1795,NM,Bernalillo,77,13,197,62,500,399
1796,NM,Catron,3,0,2,0,1,5
1797,NM,Chaves,7,2,26,6,36,51
1798,NM,Cibola,3,1,12,0,14,10
1799,NM,Colfax,4,0,14,0,14,23
1800,NM,Curry,3,1,25,2,29,33
1801,NM,De Baca,1,0,2,0,1,2
1802,NM,Doa Ana,24,3,56,7,117,116
1803,NM,Eddy,6,2,30,5,32,36
1804,NM,Grant,6,1,13,4,18,23
1805,NM,Guadalupe,1,0,8,0,3,8
1806,NM,Harding,1,0,0,0,0,1
1807,NM,Hidalgo,3,0,7,0,4,2
1808,NM,Lea,7,1,35,4,40,44
1809,NM,Lincoln,3,1,12,2,19,38
1810,NM,Los Alamos,2,0,5,0,8,13
1811,NM,Luna,2,1,14,1,17,22
1812,NM,McKinley,13,1,53,1,45,44
1813,NM,Mora,2,0,3,0,1,2
1814,NM,Otero,7,1,25,1,34,34
1815,NM,Quay,2,0,9,0,8,7
1816,NM,Rio Arriba,6,1,24,1,25,23
1817,NM,Roosevelt,1,1,7,0,10,10
1818,NM,Sandoval,11,2,28,6,58,43
1819,NM,San Juan,9,3,68,6,88,57
1820,NM,San Miguel,5,1,16,1,14,19
1821,NM,Santa Fe,21,2,34,15,90,163
1822,NM,Sierra,2,1,8,1,10,12
1823,NM,Socorro,3,1,9,1,9,11
1824,NM,Taos,7,0,15,5,30,52
1825,NM,Torrance,5,0,11,0,7,9
1826,NM,Union,1,0,3,0,2,7
1827,NM,Valencia,11,2,21,3,40,24
1828,NY,Albany,82,3,119,33,300,332
1829,NY,Allegany,14,0,26,3,21,35
1830,NY,Bronx,971,0,135,187,805,494
1831,NY,Broome,37,2,85,14,151,176
1832,NY,Cattaraugus,21,1,34,6,44,74
1833,NY,Cayuga,14,2,28,8,53,66
1834,NY,Chautauqua,34,3,54,12,89,131
1835,NY,Chemung,11,1,47,14,56,69
1836,NY,Chenango,11,1,33,5,19,45
1837,NY,Clinton,22,2,61,8,37,69
1838,NY,Columbia,23,0,37,5,36,68
1839,NY,Cortland,12,0,21,3,32,44
1840,NY,Delaware,13,0,38,3,28,53
1841,NY,Dutchess,99,3,104,26,199,309
1842,NY,Erie,234,6,327,105,691,714
1843,NY,Essex,21,1,24,4,20,69
1844,NY,Franklin,14,1,33,2,26,40
1845,NY,Fulton,11,0,23,4,38,52
1846,NY,Genesee,9,2,24,5,31,46
1847,NY,Greene,11,1,33,4,29,74
1848,NY,Hamilton,3,0,9,0,4,18
1849,NY,Herkimer,14,1,26,4,38,67
1850,NY,Jefferson,26,2,55,16,94,118
1851,NY,Kings,1804,2,238,628,1621,1494
1852,NY,Lewis,5,1,14,3,12,26
1853,NY,Livingston,12,1,34,0,38,52
1854,NY,Madison,16,1,22,6,42,72
1855,NY,Monroe,177,9,251,56,499,551
1856,NY,Montgomery,12,0,26,3,33,46
1857,NY,Nassau,567,7,391,290,1064,1194
1858,NY,New York,1230,0,131,504,2250,4118
1859,NY,Niagara,32,1,80,16,139,163
1860,NY,Oneida,57,4,89,28,123,203
1861,NY,Onondaga,118,6,172,31,333,345
1862,NY,Ontario,19,3,41,14,83,100
1863,NY,Orange,126,5,129,46,235,313
1864,NY,Orleans,10,1,18,0,17,18
1865,NY,Oswego,24,2,58,10,67,90
1866,NY,Otsego,18,2,38,5,40,73
1867,NY,Putnam,35,0,30,8,67,84
1868,NY,Queens,1261,3,327,429,1583,1517
1869,NY,Rensselaer,32,1,60,7,105,101
1870,NY,Richmond,194,1,71,59,258,283
1871,NY,Rockland,96,2,67,49,235,272
1872,NY,St. Lawrence,30,2,58,5,51,103
1873,NY,Saratoga,27,3,92,12,141,204
1874,NY,Schenectady,31,2,69,7,111,93
1875,NY,Schoharie,2,1,18,2,13,31
1876,NY,Schuyler,1,1,7,1,7,22
1877,NY,Seneca,8,0,15,1,19,28
1878,NY,Steuben,22,1,56,5,44,83
1879,NY,Suffolk,508,9,523,261,1101,1235
1880,NY,Sullivan,29,1,53,6,52,84
1881,NY,Tioga,12,0,18,2,21,35
1882,NY,Tompkins,18,0,33,8,71,99
1883,NY,Ulster,48,2,98,22,130,230
1884,NY,Warren,29,2,45,8,61,152
1885,NY,Washington,10,0,25,4,33,48
1886,NY,Wayne,15,1,43,7,57,58
1887,NY,Westchester,431,6,208,159,698,920
1888,NY,Wyoming,9,0,19,0,25,26
1889,NY,Yates,10,0,9,2,9,23
1890,NC,Alamance,23,4,85,6,115,113
1891,NC,Alexander,4,1,12,0,14,20
1892,NC,Alleghany,4,0,8,2,5,13
1893,NC,Anson,5,1,19,3,12,12
1894,NC,Ashe,4,1,16,3,16,22
1895,NC,Avery,6,0,11,1,9,22
1896,NC,Beaufort,10,1,32,3,26,35
1897,NC,Bertie,6,0,13,0,7,5
1898,NC,Bladen,8,0,22,0,20,12
1899,NC,Brunswick,22,3,49,12,76,120
1900,NC,Buncombe,49,3,128,13,190,261
1901,NC,Burke,17,0,49,5,53,45
1902,NC,Cabarrus,28,7,78,16,140,124
1903,NC,Caldwell,15,1,48,2,59,38
1904,NC,Camden,1,0,5,0,3,2
1905,NC,Carteret,14,1,42,9,55,100
1906,NC,Caswell,2,0,14,2,5,7
1907,NC,Catawba,25,3,87,4,132,126
1908,NC,Chatham,14,1,36,1,23,38
1909,NC,Cherokee,6,1,14,0,22,20
1910,NC,Chowan,5,0,9,2,11,9
1911,NC,Clay,1,0,6,1,3,7
1912,NC,Cleveland,21,1,67,4,69,60
1913,NC,Columbus,12,1,32,4,47,31
1914,NC,Craven,18,2,68,7,70,59
1915,NC,Cumberland,46,6,155,12,240,187
1916,NC,Currituck,9,0,19,7,22,28
1917,NC,Dare,17,0,41,18,67,122
1918,NC,Davidson,32,2,94,8,70,110
1919,NC,Davie,4,1,20,1,21,24
1920,NC,Duplin,13,0,37,2,28,28
1921,NC,Durham,49,4,115,11,243,219
1922,NC,Edgecombe,11,1,39,3,29,18
1923,NC,Forsyth,65,7,177,20,244,280
1924,NC,Franklin,9,0,37,0,28,13
1925,NC,Gaston,30,5,117,5,144,120
1926,NC,Gates,2,0,7,2,1,4
1927,NC,Graham,2,0,6,0,4,4
1928,NC,Granville,9,0,40,0,33,19
1929,NC,Greene,2,0,14,0,5,4
1930,NC,Guilford,94,8,246,24,389,416
1931,NC,Halifax,22,1,49,4,43,32
1932,NC,Harnett,16,1,56,0,55,41
1933,NC,Haywood,10,0,44,3,38,63
1934,NC,Henderson,23,2,53,7,59,70
1935,NC,Hertford,7,0,18,4,14,12
1936,NC,Hoke,7,0,20,0,12,6
1937,NC,Hyde,1,0,6,3,1,12
1938,NC,Iredell,30,4,86,11,127,137
1939,NC,Jackson,8,1,22,4,26,41
1940,NC,Johnston,34,5,84,5,113,92
1941,NC,Jones,2,0,6,0,3,2
1942,NC,Lee,16,1,36,5,46,37
1943,NC,Lenoir,17,1,39,1,42,28
1944,NC,Lincoln,12,1,48,3,48,44
1945,NC,McDowell,9,0,32,4,22,25
1946,NC,Macon,8,0,23,2,27,48
1947,NC,Madison,3,0,6,1,8,11
1948,NC,Martin,5,0,17,3,17,14
1949,NC,Mecklenburg,187,12,314,59,723,846
1950,NC,Mitchell,2,1,7,0,11,16
1951,NC,Montgomery,4,1,19,0,14,15
1952,NC,Moore,16,1,43,4,45,88
1953,NC,Nash,21,3,83,4,80,65
1954,NC,New Hanover,41,4,89,19,183,245
1955,NC,Northampton,5,0,12,0,4,9
1956,NC,Onslow,20,3,65,9,116,91
1957,NC,Orange,21,1,43,8,88,125
1958,NC,Pamlico,4,0,6,1,9,8
1959,NC,Pasquotank,8,1,24,6,27,35
1960,NC,Pender,7,0,18,3,29,23
1961,NC,Perquimans,2,0,5,0,3,6
1962,NC,Person,6,1,30,0,28,13
1963,NC,Pitt,29,2,86,7,146,114
1964,NC,Polk,5,0,6,1,9,21
1965,NC,Randolph,22,2,70,11,73,77
1966,NC,Richmond,11,1,37,3,23,23
1967,NC,Robeson,27,3,82,3,73,60
1968,NC,Rockingham,16,3,69,2,52,59
1969,NC,Rowan,19,1,71,5,77,93
1970,NC,Rutherford,15,1,42,4,38,46
1971,NC,Sampson,12,1,32,2,32,27
1972,NC,Scotland,8,1,30,1,22,16
1973,NC,Stanly,12,2,28,7,42,44
1974,NC,Stokes,9,0,26,0,18,23
1975,NC,Surry,17,1,48,7,52,65
1976,NC,Swain,4,0,16,2,18,19
1977,NC,Transylvania,6,0,15,3,22,30
1978,NC,Tyrrell,2,0,4,0,0,1
1979,NC,Union,28,2,67,5,110,86
1980,NC,Vance,8,1,54,2,31,23
1981,NC,Wake,167,19,344,40,737,685
1982,NC,Warren,3,0,15,0,7,5
1983,NC,Washington,3,0,7,1,8,6
1984,NC,Watauga,10,0,23,3,39,68
1985,NC,Wayne,19,4,73,10,71,74
1986,NC,Wilkes,15,0,53,3,34,52
1987,NC,Wilson,18,1,51,5,58,52
1988,NC,Yadkin,9,0,23,1,19,29
1989,NC,Yancey,3,0,10,0,8,9
1990,ND,Adams,2,0,2,2,1,4
1991,ND,Barnes,4,0,5,0,7,15
1992,ND,Benson,2,0,2,1,0,5
1993,ND,Billings,0,0,2,0,1,4
1994,ND,Bottineau,3,1,7,2,4,14
1995,ND,Bowman,4,0,3,1,2,5
1996,ND,Burke,2,0,0,0,1,2
1997,ND,Burleigh,7,3,26,10,48,55
1998,ND,Cass,19,3,52,11,94,99
1999,ND,Cavalier,4,0,2,1,3,6
2000,ND,Dickey,4,0,3,0,3,6
2001,ND,Divide,1,0,0,0,0,5
2002,ND,Dunn,1,0,2,0,1,3
2003,ND,Eddy,1,0,1,0,0,2
2004,ND,Emmons,4,0,2,1,3,6
2005,ND,Foster,1,0,2,1,2,1
2006,ND,Golden Valley,1,0,1,0,3,1
2007,ND,Grand Forks,8,3,28,4,46,43
2008,ND,Grant,1,0,1,1,0,3
2009,ND,Griggs,0,0,1,0,2,6
2010,ND,Hettinger,3,0,3,0,1,2
2011,ND,Kidder,3,0,0,0,1,3
2012,ND,LaMoure,4,0,3,2,1,5
2013,ND,Logan,1,0,3,1,1,7
2014,ND,McHenry,3,0,1,0,0,4
2015,ND,McIntosh,2,0,1,0,1,5
2016,ND,McKenzie,2,0,4,0,1,5
2017,ND,McLean,2,0,9,0,1,14
2018,ND,Mercer,3,0,6,0,4,9
2019,ND,Morton,6,0,11,5,10,12
2020,ND,Mountrail,5,0,5,0,3,7
2021,ND,Nelson,4,0,4,0,1,3
2022,ND,Oliver,0,0,1,0,0,0
2023,ND,Pembina,5,0,5,0,5,7
2024,ND,Pierce,1,0,4,0,3,5
2025,ND,Ramsey,3,0,6,1,10,10
2026,ND,Ransom,2,0,6,0,1,6
2027,ND,Renville,2,0,1,0,1,3
2028,ND,Richland,4,1,9,0,10,13
2029,ND,Rolette,6,0,7,0,6,5
2030,ND,Sargent,4,0,2,0,1,5
2031,ND,Sheridan,1,0,1,0,0,3
2032,ND,Sioux,1,0,4,0,2,0
2033,ND,Slope,0,0,0,0,0,2
2034,ND,Stark,4,1,14,2,17,20
2035,ND,Steele,2,0,2,0,0,2
2036,ND,Stutsman,3,0,12,2,13,19
2037,ND,Towner,0,0,1,0,1,3
2038,ND,Traill,6,0,4,0,5,6
2039,ND,Walsh,7,0,7,2,5,13
2040,ND,Ward,9,1,22,6,34,43
2041,ND,Wells,6,0,3,0,3,9
2042,ND,Williams,5,1,16,2,19,11
2043,OH,Adams,5,1,18,1,14,10
2044,OH,Allen,14,3,47,3,101,53
2045,OH,Ashland,10,1,22,2,26,27
2046,OH,Ashtabula,19,2,46,11,73,74
2047,OH,Athens,12,1,25,1,62,31
2048,OH,Auglaize,12,1,16,2,38,26
2049,OH,Belmont,17,2,39,2,51,35
2050,OH,Brown,7,0,26,0,28,26
2051,OH,Butler,54,7,131,10,241,200
2052,OH,Carroll,4,0,7,4,17,13
2053,OH,Champaign,8,1,10,4,21,20
2054,OH,Clark,23,3,55,7,104,49
2055,OH,Clermont,21,7,79,10,118,103
2056,OH,Clinton,10,1,18,1,32,20
2057,OH,Columbiana,19,2,55,10,74,54
2058,OH,Coshocton,6,1,15,2,20,18
2059,OH,Crawford,8,1,20,3,34,22
2060,OH,Cuyahoga,317,8,504,140,1037,888
2061,OH,Darke,8,1,19,5,31,26
2062,OH,Defiance,5,3,21,3,24,28
2063,OH,Delaware,17,5,42,9,150,127
2064,OH,Erie,12,3,42,6,78,80
2065,OH,Fairfield,16,5,42,7,82,70
2066,OH,Fayette,9,1,16,4,33,16
2067,OH,Franklin,237,16,417,85,1049,710
2068,OH,Fulton,6,1,19,4,25,28
2069,OH,Gallia,6,1,21,3,25,8
2070,OH,Geauga,9,2,34,8,56,67
2071,OH,Greene,23,4,47,8,124,100
2072,OH,Guernsey,11,2,23,0,36,20
2073,OH,Hamilton,160,13,333,84,610,610
2074,OH,Hancock,11,3,31,4,59,62
2075,OH,Hardin,4,1,18,1,18,13
2076,OH,Harrison,6,0,8,0,9,11
2077,OH,Henry,5,1,13,2,15,19
2078,OH,Highland,6,2,31,1,27,17
2079,OH,Hocking,7,1,11,3,12,18
2080,OH,Holmes,9,1,14,5,12,16
2081,OH,Huron,15,1,27,4,51,23
2082,OH,Jackson,9,1,16,1,22,17
2083,OH,Jefferson,22,1,33,4,47,49
2084,OH,Knox,12,1,19,5,33,32
2085,OH,Lake,38,5,97,16,203,181
2086,OH,Lawrence,11,2,25,2,38,20
2087,OH,Licking,24,3,53,8,122,76
2088,OH,Logan,15,1,15,2,36,26
2089,OH,Lorain,53,6,113,12,208,161
2090,OH,Lucas,70,10,238,36,350,343
2091,OH,Madison,6,1,14,3,24,16
2092,OH,Mahoning,55,1,99,15,173,170
2093,OH,Marion,12,2,22,3,46,26
2094,OH,Medina,21,2,63,7,99,91
2095,OH,Meigs,3,0,15,0,14,7
2096,OH,Mercer,7,1,21,5,25,31
2097,OH,Miami,10,3,39,3,78,54
2098,OH,Monroe,2,0,13,2,6,6
2099,OH,Montgomery,80,10,218,35,436,314
2100,OH,Morgan,2,0,7,0,2,9
2101,OH,Morrow,7,0,12,0,13,9
2102,OH,Muskingum,15,3,46,7,73,44
2103,OH,Noble,4,0,6,0,9,6
2104,OH,Ottawa,11,1,23,6,36,53
2105,OH,Paulding,5,0,7,1,11,8
2106,OH,Perry,8,0,15,0,17,13
2107,OH,Pickaway,9,1,30,3,28,17
2108,OH,Pike,3,1,23,0,19,15
2109,OH,Portage,20,2,55,5,113,74
2110,OH,Preble,4,1,13,0,23,21
2111,OH,Putnam,7,1,16,5,21,20
2112,OH,Richland,23,4,46,12,100,80
2113,OH,Ross,14,3,34,2,57,35
2114,OH,Sandusky,11,2,28,3,42,31
2115,OH,Scioto,13,1,45,0,60,40
2116,OH,Seneca,12,1,28,0,24,33
2117,OH,Shelby,9,1,27,4,26,28
2118,OH,Stark,64,6,135,29,294,256
2119,OH,Summit,87,3,189,31,444,335
2120,OH,Trumbull,43,3,90,14,161,133
2121,OH,Tuscarawas,13,1,32,10,80,66
2122,OH,Union,6,1,17,4,27,28
2123,OH,Van Wert,6,1,14,0,17,16
2124,OH,Vinton,1,0,9,0,5,0
2125,OH,Warren,29,5,63,10,118,106
2126,OH,Washington,15,1,37,4,47,33
2127,OH,Wayne,24,1,35,9,55,69
2128,OH,Williams,6,1,24,0,25,17
2129,OH,Wood,21,4,45,8,99,91
2130,OH,Wyandot,9,1,12,0,15,17
2131,OK,Adair,6,1,12,0,8,8
2132,OK,Alfalfa,2,0,4,0,1,4
2133,OK,Atoka,4,0,10,1,6,10
2134,OK,Beaver,1,0,6,0,0,5
2135,OK,Beckham,5,0,20,0,16,24
2136,OK,Blaine,5,0,13,0,5,10
2137,OK,Bryan,5,1,27,0,26,23
2138,OK,Caddo,6,1,24,0,11,13
2139,OK,Canadian,16,3,35,1,61,55
2140,OK,Carter,8,1,39,4,31,31
2141,OK,Cherokee,6,1,29,1,28,24
2142,OK,Choctaw,1,1,11,0,10,14
2143,OK,Cimarron,1,0,2,0,3,3
2144,OK,Cleveland,43,5,86,8,171,158
2145,OK,Coal,3,0,3,0,1,3
2146,OK,Comanche,8,3,53,4,75,61
2147,OK,Cotton,2,0,5,0,2,3
2148,OK,Craig,3,1,9,0,5,12
2149,OK,Creek,7,2,37,2,34,39
2150,OK,Custer,6,0,18,1,19,29
2151,OK,Delaware,3,1,28,0,12,29
2152,OK,Dewey,1,0,10,0,1,4
2153,OK,Ellis,3,0,5,0,0,5
2154,OK,Garfield,11,1,41,3,41,36
2155,OK,Garvin,10,1,19,0,16,19
2156,OK,Grady,5,1,37,0,21,25
2157,OK,Grant,3,0,4,0,2,1
2158,OK,Greer,3,0,4,0,1,4
2159,OK,Harmon,2,0,3,0,0,1
2160,OK,Harper,2,0,3,0,1,4
2161,OK,Haskell,2,1,12,1,4,8
2162,OK,Hughes,4,0,11,0,10,4
2163,OK,Jackson,2,1,16,3,17,17
2164,OK,Jefferson,2,0,8,0,2,6
2165,OK,Johnston,1,0,11,0,3,4
2166,OK,Kay,10,1,25,0,33,33
2167,OK,Kingfisher,2,1,13,0,10,14
2168,OK,Kiowa,6,0,6,1,4,6
2169,OK,Latimer,2,0,4,0,2,4
2170,OK,Le Flore,6,1,36,2,20,22
2171,OK,Lincoln,5,0,15,0,21,19
2172,OK,Logan,2,0,21,2,14,25
2173,OK,Love,2,0,4,0,2,7
2174,OK,McClain,2,2,21,1,24,21
2175,OK,McCurtain,8,1,25,0,10,16
2176,OK,McIntosh,5,0,10,1,8,14
2177,OK,Major,3,0,11,0,2,6
2178,OK,Marshall,4,0,13,0,8,10
2179,OK,Mayes,7,1,26,1,24,31
2180,OK,Murray,2,0,7,1,12,8
2181,OK,Muskogee,11,1,39,5,53,41
2182,OK,Noble,1,0,5,0,4,7
2183,OK,Nowata,2,0,4,0,2,7
2184,OK,Okfuskee,3,0,4,0,2,8
2185,OK,Oklahoma,171,15,206,38,641,553
2186,OK,Okmulgee,8,1,25,0,20,21
2187,OK,Osage,3,1,22,2,17,17
2188,OK,Ottawa,3,1,16,1,15,20
2189,OK,Pawnee,2,0,9,0,12,5
2190,OK,Payne,4,2,29,2,48,46
2191,OK,Pittsburg,6,1,37,2,29,30
2192,OK,Pontotoc,5,1,18,1,16,27
2193,OK,Pottawatomie,7,1,29,6,90,34
2194,OK,Pushmataha,5,0,9,1,8,7
2195,OK,Roger Mills,1,0,7,0,0,4
2196,OK,Rogers,6,1,28,4,41,34
2197,OK,Seminole,5,1,14,2,15,7
2198,OK,Sequoyah,7,1,26,0,18,22
2199,OK,Stephens,10,1,28,2,26,29
2200,OK,Texas,4,1,11,1,9,24
2201,OK,Tillman,3,0,8,1,2,4
2202,OK,Tulsa,76,12,198,38,504,474
2203,OK,Wagoner,1,2,30,1,24,22
2204,OK,Washington,8,1,24,3,32,39
2205,OK,Washita,3,0,10,1,3,8
2206,OK,Woods,3,1,7,1,8,7
2207,OK,Woodward,4,1,18,1,17,18
2208,OR,Baker,8,1,8,2,7,22
2209,OR,Benton,13,3,23,5,60,63
2210,OR,Clackamas,58,11,106,28,246,281
2211,OR,Clatsop,15,2,20,13,33,94
2212,OR,Columbia,7,1,19,3,23,32
2213,OR,Coos,20,4,27,10,36,64
2214,OR,Crook,6,1,11,2,12,13
2215,OR,Curry,8,1,7,2,14,35
2216,OR,Deschutes,34,8,47,16,128,186
2217,OR,Douglas,27,4,62,10,82,84
2218,OR,Gilliam,3,0,1,0,1,2
2219,OR,Grant,3,0,6,1,5,7
2220,OR,Harney,2,0,4,0,7,14
2221,OR,Hood River,9,0,11,7,26,34
2222,OR,Jackson,34,7,77,18,149,182
2223,OR,Jefferson,6,1,7,0,13,11
2224,OR,Josephine,15,3,33,6,42,67
2225,OR,Klamath,14,3,30,10,49,61
2226,OR,Lake,2,0,7,0,7,14
2227,OR,Lane,61,18,142,30,278,287
2228,OR,Lincoln,17,2,20,11,34,106
2229,OR,Linn,20,5,49,9,60,72
2230,OR,Malheur,5,2,8,2,23,35
2231,OR,Marion,44,11,113,31,221,228
2232,OR,Morrow,3,0,0,0,2,4
2233,OR,Multnomah,126,19,275,69,645,1039
2234,OR,Polk,11,1,23,5,36,37
2235,OR,Sherman,2,0,3,0,0,3
2236,OR,Tillamook,10,1,19,6,12,50
2237,OR,Umatilla,14,4,25,6,43,62
2238,OR,Union,8,2,11,2,18,22
2239,OR,Wallowa,6,0,4,0,4,17
2240,OR,Wasco,6,2,9,3,22,31
2241,OR,Washington,80,17,140,47,372,397
2242,OR,Wheeler,1,0,0,0,0,1
2243,OR,Yamhill,15,3,34,6,47,65
2244,PA,Adams,15,0,25,13,60,68
2245,PA,Allegheny,195,13,403,94,904,1017
2246,PA,Armstrong,17,0,27,4,30,38
2247,PA,Beaver,26,2,62,12,104,84
2248,PA,Bedford,13,0,24,5,23,39
2249,PA,Berks,76,4,134,45,234,266
2250,PA,Blair,17,3,47,17,92,81
2251,PA,Bradford,14,0,39,7,31,43
2252,PA,Bucks,95,4,161,78,443,467
2253,PA,Butler,32,4,67,16,124,119
2254,PA,Cambria,31,2,46,10,100,78
2255,PA,Cameron,1,0,2,0,1,7
2256,PA,Carbon,12,0,23,7,31,49
2257,PA,Centre,15,3,42,12,91,100
2258,PA,Chester,66,4,112,40,326,318
2259,PA,Clarion,14,1,24,4,20,43
2260,PA,Clearfield,15,1,36,6,44,59
2261,PA,Clinton,5,1,16,1,20,27
2262,PA,Columbia,12,1,26,5,53,50
2263,PA,Crawford,24,2,27,7,45,68
2264,PA,Cumberland,38,4,72,22,151,156
2265,PA,Dauphin,50,4,114,19,189,211
2266,PA,Delaware,111,1,149,89,361,290
2267,PA,Elk,9,1,17,3,14,25
2268,PA,Erie,40,5,96,21,167,213
2269,PA,Fayette,30,2,48,9,82,89
2270,PA,Forest,2,0,2,0,3,10
2271,PA,Franklin,28,2,44,10,93,90
2272,PA,Fulton,1,0,8,1,6,5
2273,PA,Greene,12,1,20,0,22,17
2274,PA,Huntingdon,8,1,23,2,19,26
2275,PA,Indiana,10,2,32,7,48,50
2276,PA,Jefferson,10,1,15,5,27,36
2277,PA,Juniata,5,0,10,3,12,13
2278,PA,Lackawanna,41,2,90,28,146,211
2279,PA,Lancaster,109,4,151,72,285,282
2280,PA,Lawrence,10,1,42,3,53,61
2281,PA,Lebanon,36,2,45,12,71,71
2282,PA,Lehigh,71,3,121,33,219,252
2283,PA,Luzerne,63,3,134,24,203,285
2284,PA,Lycoming,21,1,51,15,70,100
2285,PA,McKean,10,1,25,3,23,36
2286,PA,Mercer,19,2,36,12,72,93
2287,PA,Mifflin,16,1,17,5,20,32
2288,PA,Monroe,28,3,61,13,96,157
2289,PA,Montgomery,135,7,210,90,609,609
2290,PA,Montour,4,0,8,1,11,13
2291,PA,Northampton,54,2,107,21,176,241
2292,PA,Northumberland,17,1,37,6,41,71
2293,PA,Perry,10,0,17,1,17,25
2294,PA,Philadelphia,501,3,336,192,1223,992
2295,PA,Pike,11,1,20,5,18,38
2296,PA,Potter,8,0,10,0,5,14
2297,PA,Schuylkill,34,2,59,15,71,120
2298,PA,Snyder,14,0,10,7,21,35
2299,PA,Somerset,18,1,28,5,34,47
2300,PA,Sullivan,4,0,5,1,3,8
2301,PA,Susquehanna,12,0,17,4,17,28
2302,PA,Tioga,8,1,18,3,14,44
2303,PA,Union,5,1,16,4,25,31
2304,PA,Venango,15,1,23,5,24,37
2305,PA,Warren,8,1,20,1,15,34
2306,PA,Washington,37,2,68,16,125,125
2307,PA,Wayne,15,1,21,5,21,55
2308,PA,Westmoreland,50,6,116,28,229,250
2309,PA,Wyoming,10,0,19,2,8,28
2310,PA,York,66,7,131,38,272,227
2311,RI,Bristol,7,0,11,4,32,56
2312,RI,Kent,23,3,68,17,125,179
2313,RI,Newport,8,1,35,8,68,133
2314,RI,Providence,125,1,219,58,460,528
2315,RI,Washington,33,1,47,10,109,164
2316,SC,Abbeville,4,0,13,1,10,10
2317,SC,Aiken,30,3,90,6,90,86
2318,SC,Allendale,4,0,9,0,6,0
2319,SC,Anderson,26,3,120,5,149,124
2320,SC,Bamberg,3,0,11,0,10,4
2321,SC,Barnwell,4,1,17,1,14,11
2322,SC,Beaufort,36,2,64,12,100,246
2323,SC,Berkeley,19,3,60,9,96,79
2324,SC,Calhoun,1,0,10,0,3,4
2325,SC,Charleston,87,7,155,39,327,408
2326,SC,Cherokee,9,1,43,3,40,36
2327,SC,Chester,12,0,29,1,14,17
2328,SC,Chesterfield,11,1,27,1,25,31
2329,SC,Clarendon,6,1,35,0,22,18
2330,SC,Colleton,13,1,40,1,23,21
2331,SC,Darlington,14,1,51,3,33,31
2332,SC,Dillon,9,0,28,3,21,16
2333,SC,Dorchester,18,1,47,5,74,55
2334,SC,Edgefield,3,0,11,0,8,12
2335,SC,Fairfield,2,1,16,0,5,7
2336,SC,Florence,42,2,106,13,119,83
2337,SC,Georgetown,16,1,40,8,49,80
2338,SC,Greenville,84,8,208,23,403,395
2339,SC,Greenwood,15,1,48,1,43,54
2340,SC,Hampton,8,0,22,1,15,12
2341,SC,Horry,51,8,173,20,303,471
2342,SC,Jasper,4,1,25,3,14,14
2343,SC,Kershaw,9,1,39,0,33,30
2344,SC,Lancaster,18,1,45,3,33,31
2345,SC,Laurens,10,0,52,2,31,24
2346,SC,Lee,4,0,10,1,8,6
2347,SC,Lexington,43,7,134,16,188,194
2348,SC,McCormick,2,0,8,0,4,3
2349,SC,Marion,9,1,27,3,17,16
2350,SC,Marlboro,8,0,28,3,12,8
2351,SC,Newberry,6,1,34,1,22,31
2352,SC,Oconee,14,1,39,0,49,42
2353,SC,Orangeburg,24,1,75,3,65,53
2354,SC,Pickens,13,1,58,6,81,80
2355,SC,Richland,56,6,169,22,297,250
2356,SC,Saluda,3,0,10,1,3,8
2357,SC,Spartanburg,43,6,160,14,198,201
2358,SC,Sumter,15,1,77,7,60,52
2359,SC,Union,8,0,26,0,13,16
2360,SC,Williamsburg,9,0,24,2,11,12
2361,SC,York,37,4,111,8,162,129
2362,SD,Aurora,2,0,1,1,2,4
2363,SD,Beadle,4,1,16,1,11,14
2364,SD,Bennett,2,0,2,1,1,1
2365,SD,Bon Homme,3,0,5,0,2,4
2366,SD,Brookings,1,1,19,3,21,24
2367,SD,Brown,7,1,17,6,31,22
2368,SD,Brule,2,0,9,0,7,5
2369,SD,Buffalo,0,0,1,0,0,0
2370,SD,Butte,4,0,6,2,4,9
2371,SD,Campbell,0,0,1,0,0,4
2372,SD,Charles Mix,5,0,13,1,6,6
2373,SD,Clark,2,0,2,1,1,2
2374,SD,Clay,2,1,7,0,7,12
2375,SD,Codington,4,1,19,4,23,33
2376,SD,Corson,1,0,1,0,1,2
2377,SD,Custer,3,0,6,1,6,13
2378,SD,Davison,3,1,17,4,16,20
2379,SD,Day,2,0,3,0,3,6
2380,SD,Deuel,3,0,3,0,2,6
2381,SD,Dewey,2,0,6,0,1,3
2382,SD,Douglas,2,0,1,1,0,6
2383,SD,Edmunds,2,0,3,1,0,7
2384,SD,Fall River,3,0,8,0,9,11
2385,SD,Faulk,1,0,1,0,0,4
2386,SD,Grant,3,0,4,0,6,8
2387,SD,Gregory,4,0,5,0,1,8
2388,SD,Haakon,1,0,5,0,2,4
2389,SD,Hamlin,3,0,5,1,1,1
2390,SD,Hand,1,0,2,1,2,2
2391,SD,Hanson,1,0,1,1,0,1
2392,SD,Harding,1,0,2,0,0,0
2393,SD,Hughes,3,1,16,3,12,16
2394,SD,Hutchinson,5,0,6,1,2,8
2395,SD,Hyde,1,0,3,0,0,0
2396,SD,Jackson,2,0,4,0,0,4
2397,SD,Jerauld,1,0,1,1,0,3
2398,SD,Jones,1,0,3,0,2,3
2399,SD,Kingsbury,5,0,3,0,1,5
2400,SD,Lake,1,0,10,0,5,16
2401,SD,Lawrence,5,1,13,3,25,28
2402,SD,Lincoln,5,0,19,8,19,15
2403,SD,Lyman,4,0,4,0,1,3
2404,SD,McCook,5,0,5,0,1,9
2405,SD,McPherson,2,0,3,1,0,2
2406,SD,Marshall,3,0,3,0,1,6
2407,SD,Meade,5,0,13,2,8,20
2408,SD,Mellette,2,0,3,0,1,0
2409,SD,Miner,2,0,1,0,2,1
2410,SD,Minnehaha,23,3,89,15,115,119
2411,SD,Moody,1,0,5,0,1,7
2412,SD,Pennington,23,2,54,4,84,91
2413,SD,Perkins,1,0,4,0,1,5
2414,SD,Potter,3,0,4,0,1,2
2415,SD,Roberts,4,0,7,0,7,10
2416,SD,Sanborn,1,0,3,0,1,2
2417,SD,Shannon,2,0,7,0,2,3
2418,SD,Spink,2,0,4,1,2,6
2419,SD,Stanley,1,0,2,0,1,5
2420,SD,Sully,1,0,1,1,0,5
2421,SD,Todd,3,0,6,0,1,0
2422,SD,Tripp,3,0,5,1,4,7
2423,SD,Turner,3,0,7,0,2,8
2424,SD,Union,3,0,14,0,6,12
2425,SD,Walworth,3,0,5,3,7,7
2426,SD,Yankton,1,1,18,2,17,21
2427,SD,Ziebach,1,0,0,0,0,1
2428,TN,Anderson,14,2,37,4,60,39
2429,TN,Bedford,12,1,28,1,24,20
2430,TN,Benton,4,1,13,0,7,13
2431,TN,Bledsoe,2,0,2,0,1,3
2432,TN,Blount,16,2,68,7,69,74
2433,TN,Bradley,16,2,63,2,76,53
2434,TN,Campbell,11,1,27,0,26,12
2435,TN,Cannon,3,0,7,0,5,5
2436,TN,Carroll,7,1,18,0,14,15
2437,TN,Carter,8,1,24,2,28,19
2438,TN,Cheatham,5,1,18,0,18,18
2439,TN,Chester,5,0,8,0,11,7
2440,TN,Claiborne,6,0,10,2,15,7
2441,TN,Clay,2,0,5,0,3,4
2442,TN,Cocke,7,1,32,2,20,28
2443,TN,Coffee,10,2,43,1,34,50
2444,TN,Crockett,5,0,12,0,4,0
2445,TN,Cumberland,9,1,46,3,32,35
2446,TN,Davidson,132,9,320,28,574,543
2447,TN,Decatur,4,0,11,0,7,13
2448,TN,DeKalb,6,1,8,1,7,14
2449,TN,Dickson,9,1,37,1,33,37
2450,TN,Dyer,9,1,24,1,26,22
2451,TN,Fayette,5,1,21,1,17,16
2452,TN,Fentress,7,1,8,0,8,8
2453,TN,Franklin,8,1,31,0,16,17
2454,TN,Gibson,14,2,37,1,31,27
2455,TN,Giles,5,1,24,0,19,15
2456,TN,Grainger,4,0,13,1,5,4
2457,TN,Greene,12,1,48,4,44,36
2458,TN,Grundy,6,0,12,0,5,4
2459,TN,Hamblen,12,1,40,3,56,35
2460,TN,Hamilton,65,8,184,23,297,263
2461,TN,Hancock,1,0,5,0,3,0
2462,TN,Hardeman,6,1,22,0,8,13
2463,TN,Hardin,8,1,15,0,14,27
2464,TN,Hawkins,9,1,26,1,34,20
2465,TN,Haywood,4,1,13,1,13,9
2466,TN,Henderson,5,1,23,1,15,16
2467,TN,Henry,6,1,22,1,21,23
2468,TN,Hickman,6,0,11,0,6,14
2469,TN,Houston,2,0,5,0,5,7
2470,TN,Humphreys,4,1,14,0,11,21
2471,TN,Jackson,3,0,6,0,2,4
2472,TN,Jefferson,5,1,26,0,29,24
2473,TN,Johnson,4,0,7,0,9,7
2474,TN,Knox,73,8,210,29,355,309
2475,TN,Lake,1,0,3,0,2,5
2476,TN,Lauderdale,8,1,19,0,9,10
2477,TN,Lawrence,6,1,37,2,22,16
2478,TN,Lewis,5,1,10,0,8,6
2479,TN,Lincoln,6,1,25,0,17,17
2480,TN,Loudon,8,1,33,0,30,29
2481,TN,McMinn,6,1,41,2,38,26
2482,TN,McNairy,3,1,17,2,12,16
2483,TN,Macon,6,1,8,0,10,12
2484,TN,Madison,17,3,64,4,82,74
2485,TN,Marion,4,1,18,1,16,23
2486,TN,Marshall,6,1,33,1,18,12
2487,TN,Maury,16,1,51,2,59,57
2488,TN,Meigs,4,0,11,0,1,5
2489,TN,Monroe,8,1,31,2,28,26
2490,TN,Montgomery,16,4,65,6,113,96
2491,TN,Moore,0,0,2,0,1,5
2492,TN,Morgan,5,0,10,0,3,5
2493,TN,Obion,4,1,17,0,22,24
2494,TN,Overton,7,0,8,0,11,12
2495,TN,Perry,4,0,6,0,4,0
2496,TN,Pickett,2,0,5,0,3,3
2497,TN,Polk,2,0,11,0,7,6
2498,TN,Putnam,17,3,49,2,47,60
2499,TN,Rhea,7,1,19,1,21,14
2500,TN,Roane,7,1,33,2,31,22
2501,TN,Robertson,9,2,34,2,34,29
2502,TN,Rutherford,33,4,101,6,171,161
2503,TN,Scott,4,1,11,0,16,3
2504,TN,Sequatchie,0,1,11,0,6,8
2505,TN,Sevier,24,1,75,17,89,143
2506,TN,Shelby,170,14,419,47,674,573
2507,TN,Smith,4,0,13,0,8,10
2508,TN,Stewart,4,0,9,0,5,6
2509,TN,Sullivan,18,4,81,4,150,92
2510,TN,Sumner,27,2,76,7,90,97
2511,TN,Tipton,8,1,31,0,22,24
2512,TN,Trousdale,2,0,7,0,2,5
2513,TN,Unicoi,3,1,9,0,13,10
2514,TN,Union,2,0,11,0,5,4
2515,TN,Van Buren,0,0,3,0,0,1
2516,TN,Warren,11,1,25,0,23,21
2517,TN,Washington,22,4,56,7,108,94
2518,TN,Wayne,6,0,13,0,3,10
2519,TN,Weakley,7,1,17,2,20,20
2520,TN,White,4,1,19,1,14,10
2521,TN,Williamson,32,3,56,13,147,132
2522,TN,Wilson,20,2,48,4,73,68
2523,TX,Anderson,5,1,32,0,19,20
2524,TX,Andrews,1,0,6,0,9,10
2525,TX,Angelina,10,2,40,7,62,37
2526,TX,Aransas,2,1,16,5,12,30
2527,TX,Archer,0,0,7,0,3,2
2528,TX,Armstrong,1,0,1,0,2,0
2529,TX,Atascosa,5,1,26,2,22,27
2530,TX,Austin,4,1,16,2,17,11
2531,TX,Bailey,2,0,5,0,3,3
2532,TX,Bandera,2,0,11,1,7,18
2533,TX,Bastrop,11,1,37,3,31,45
2534,TX,Baylor,1,0,5,0,4,4
2535,TX,Bee,1,1,17,1,15,13
2536,TX,Bell,26,5,161,16,201,152
2537,TX,Bexar,160,24,685,79,1211,1128
2538,TX,Blanco,3,0,8,0,8,14
2539,TX,Borden,0,0,1,0,0,0
2540,TX,Bosque,4,0,11,1,5,7
2541,TX,Bowie,13,3,48,7,84,44
2542,TX,Brazoria,30,7,151,9,164,154
2543,TX,Brazos,21,2,101,8,154,113
2544,TX,Brewster,7,0,5,0,8,12
2545,TX,Briscoe,1,0,2,0,0,2
2546,TX,Brooks,1,0,3,1,7,9
2547,TX,Brown,7,1,34,3,32,25
2548,TX,Burleson,5,0,15,0,9,14
2549,TX,Burnet,4,1,29,4,31,31
2550,TX,Caldwell,3,0,19,0,21,15
2551,TX,Calhoun,6,1,13,0,11,22
2552,TX,Callahan,2,0,11,1,9,7
2553,TX,Cameron,48,7,162,24,208,239
2554,TX,Camp,2,0,6,1,5,6
2555,TX,Carson,1,0,5,2,4,3
2556,TX,Cass,6,1,15,0,13,14
2557,TX,Castro,2,0,6,0,6,6
2558,TX,Chambers,7,0,26,1,16,11
2559,TX,Cherokee,6,1,23,1,32,20
2560,TX,Childress,1,1,6,0,5,10
2561,TX,Clay,2,0,4,0,4,2
2562,TX,Cochran,1,0,2,0,2,2
2563,TX,Coke,1,0,5,0,0,4
2564,TX,Coleman,2,0,9,0,7,10
2565,TX,Collin,83,20,276,34,553,522
2566,TX,Collingsworth,1,0,3,0,5,2
2567,TX,Colorado,6,0,20,2,15,16
2568,TX,Comal,7,1,54,1,69,90
2569,TX,Comanche,3,0,9,1,6,9
2570,TX,Concho,1,0,5,1,2,2
2571,TX,Cooke,6,1,31,4,16,28
2572,TX,Coryell,4,2,23,1,35,26
2573,TX,Cottle,1,0,3,0,2,4
2574,TX,Crane,1,0,4,0,0,4
2575,TX,Crockett,4,0,6,0,6,5
2576,TX,Crosby,3,0,5,0,4,1
2577,TX,Culberson,1,0,4,0,3,3
2578,TX,Dallam,0,0,3,0,6,9
2579,TX,Dallas,360,33,965,117,1837,1554
2580,TX,Dawson,2,0,5,0,13,7
2581,TX,Deaf Smith,2,1,13,1,12,9
2582,TX,Delta,0,0,1,0,1,1
2583,TX,Denton,51,14,207,23,391,324
2584,TX,DeWitt,3,0,15,1,13,13
2585,TX,Dickens,1,0,4,0,3,3
2586,TX,Dimmit,2,0,8,0,7,4
2587,TX,Donley,1,0,4,0,4,3
2588,TX,Duval,3,0,9,0,4,5
2589,TX,Eastland,5,1,21,1,13,12
2590,TX,Ector,17,3,56,10,112,62
2591,TX,Edwards,1,0,2,0,2,1
2592,TX,Ellis,17,3,65,5,75,58
2593,TX,El Paso,111,11,240,44,506,464
2594,TX,Erath,7,1,19,4,33,29
2595,TX,Falls,2,0,10,1,7,7
2596,TX,Fannin,5,1,13,0,16,12
2597,TX,Fayette,6,0,28,4,22,27
2598,TX,Fisher,2,0,1,0,1,2
2599,TX,Floyd,2,0,2,0,6,5
2600,TX,Foard,1,0,1,0,1,2
2601,TX,Fort Bend,67,10,227,23,325,255
2602,TX,Franklin,1,0,4,0,6,4
2603,TX,Freestone,2,0,15,1,12,9
2604,TX,Frio,3,0,13,0,12,13
2605,TX,Gaines,4,0,8,1,9,12
2606,TX,Galveston,41,6,154,20,202,200
2607,TX,Garza,1,0,7,0,6,2
2608,TX,Gillespie,4,1,11,5,13,38
2609,TX,Glasscock,0,0,1,0,0,1
2610,TX,Goliad,1,0,5,0,4,5
2611,TX,Gonzales,3,0,14,1,17,7
2612,TX,Gray,3,1,13,0,15,13
2613,TX,Grayson,18,3,72,6,88,67
2614,TX,Gregg,17,5,91,7,125,83
2615,TX,Grimes,4,0,16,0,8,12
2616,TX,Guadalupe,9,2,60,4,65,43
2617,TX,Hale,5,1,15,0,21,25
2618,TX,Hall,2,0,4,0,3,6
2619,TX,Hamilton,4,0,3,2,7,5
2620,TX,Hansford,2,0,3,0,2,7
2621,TX,Hardeman,2,0,4,1,5,3
2622,TX,Hardin,6,2,36,2,36,16
2623,TX,Harris,719,51,1949,267,2738,2481
2624,TX,Harrison,10,1,41,1,38,30
2625,TX,Hartley,1,0,0,0,0,4
2626,TX,Haskell,2,0,4,0,4,6
2627,TX,Hays,14,3,48,4,104,94
2628,TX,Hemphill,1,0,5,0,2,5
2629,TX,Henderson,14,2,32,2,44,55
2630,TX,Hidalgo,63,10,301,44,338,349
2631,TX,Hill,7,1,31,1,21,18
2632,TX,Hockley,2,1,11,0,14,15
2633,TX,Hood,17,1,39,5,31,35
2634,TX,Hopkins,3,1,27,1,18,19
2635,TX,Houston,5,1,15,0,15,11
2636,TX,Howard,3,1,20,0,26,21
2637,TX,Hudspeth,1,0,4,0,1,3
2638,TX,Hunt,9,3,49,1,39,38
2639,TX,Hutchinson,4,0,15,1,19,15
2640,TX,Irion,1,0,1,0,0,1
2641,TX,Jack,2,0,8,0,7,7
2642,TX,Jackson,2,0,14,0,10,8
2643,TX,Jasper,6,1,22,6,19,17
2644,TX,Jeff Davis,1,0,2,0,0,2
2645,TX,Jefferson,48,4,177,20,156,130
2646,TX,Jim Hogg,4,0,4,0,3,2
2647,TX,Jim Wells,12,1,24,2,24,20
2648,TX,Johnson,16,2,66,3,92,61
2649,TX,Jones,3,0,9,1,7,4
2650,TX,Karnes,4,1,10,0,7,10
2651,TX,Kaufman,8,2,51,3,58,53
2652,TX,Kendall,2,1,21,3,27,33
2653,TX,Kenedy,0,0,0,0,0,0
2654,TX,Kent,1,0,0,0,0,1
2655,TX,Kerr,6,1,32,1,34,37
2656,TX,Kimble,2,0,10,1,2,7
2657,TX,King,0,0,0,0,0,0
2658,TX,Kinney,1,0,3,0,1,1
2659,TX,Kleberg,5,1,16,1,25,24
2660,TX,Knox,2,0,3,0,2,2
2661,TX,Lamar,6,1,30,3,29,32
2662,TX,Lamb,6,0,7,2,8,10
2663,TX,Lampasas,2,1,10,0,14,17
2664,TX,La Salle,2,0,5,0,2,3
2665,TX,Lavaca,4,0,13,3,5,7
2666,TX,Lee,4,0,13,3,11,19
2667,TX,Leon,7,0,13,0,9,10
2668,TX,Liberty,15,2,39,5,39,35
2669,TX,Limestone,6,1,22,1,15,16
2670,TX,Lipscomb,2,0,5,0,1,1
2671,TX,Live Oak,3,0,14,0,7,9
2672,TX,Llano,3,0,18,0,15,11
2673,TX,Loving,0,0,0,0,0,0
2674,TX,Lubbock,21,6,89,15,250,150
2675,TX,Lynn,1,0,2,0,3,3
2676,TX,McCulloch,2,0,7,1,5,9
2677,TX,McLennan,26,4,147,12,194,122
2678,TX,McMullen,0,0,2,0,0,1
2679,TX,Madison,2,0,9,0,10,9
2680,TX,Marion,2,0,9,1,7,6
2681,TX,Martin,1,0,2,0,2,1
2682,TX,Mason,2,0,4,0,5,5
2683,TX,Matagorda,3,1,37,4,23,27
2684,TX,Maverick,11,1,12,2,27,21
2685,TX,Medina,6,1,26,3,21,35
2686,TX,Menard,1,0,2,0,0,3
2687,TX,Midland,12,3,60,7,103,88
2688,TX,Milam,6,1,10,0,16,16
2689,TX,Mills,2,0,2,0,1,4
2690,TX,Mitchell,2,0,7,0,5,6
2691,TX,Montague,4,1,14,0,10,8
2692,TX,Montgomery,45,7,181,21,257,247
2693,TX,Moore,3,1,12,1,15,17
2694,TX,Morris,3,0,6,0,10,6
2695,TX,Motley,1,0,3,0,0,3
2696,TX,Nacogdoches,10,1,33,1,39,36
2697,TX,Navarro,8,1,30,4,27,21
2698,TX,Newton,4,0,15,0,0,4
2699,TX,Nolan,1,1,12,0,10,11
2700,TX,Nueces,21,3,182,25,272,265
2701,TX,Ochiltree,2,0,6,0,3,7
2702,TX,Oldham,2,0,3,0,1,2
2703,TX,Orange,12,1,57,3,57,35
2704,TX,Palo Pinto,8,1,27,0,21,27
2705,TX,Panola,4,0,18,1,10,6
2706,TX,Parker,8,2,54,8,72,55
2707,TX,Parmer,2,0,5,0,4,3
2708,TX,Pecos,5,0,17,1,7,14
2709,TX,Polk,7,1,14,0,19,21
2710,TX,Potter,15,3,61,6,110,110
2711,TX,Presidio,1,0,5,0,7,9
2712,TX,Rains,2,0,5,1,5,6
2713,TX,Randall,5,3,42,3,72,46
2714,TX,Reagan,1,0,3,0,2,2
2715,TX,Real,3,0,2,0,2,4
2716,TX,Red River,5,0,9,0,4,10
2717,TX,Reeves,2,0,7,0,5,8
2718,TX,Refugio,3,0,7,0,9,7
2719,TX,Roberts,1,0,1,0,0,1
2720,TX,Robertson,4,0,19,0,7,11
2721,TX,Rockwall,7,1,24,4,53,56
2722,TX,Runnels,3,0,9,1,6,8
2723,TX,Rusk,5,1,21,0,24,25
2724,TX,Sabine,3,0,7,0,3,5
2725,TX,San Augustine,1,0,6,0,2,4
2726,TX,San Jacinto,3,0,5,1,3,6
2727,TX,San Patricio,9,2,46,2,49,39
2728,TX,San Saba,5,0,7,1,4,4
2729,TX,Schleicher,1,0,2,1,0,2
2730,TX,Scurry,2,0,12,0,20,17
2731,TX,Shackelford,1,0,4,0,3,3
2732,TX,Shelby,5,1,10,0,5,14
2733,TX,Sherman,0,0,1,0,2,1
2734,TX,Smith,21,5,90,13,147,123
2735,TX,Somervell,3,0,10,0,7,9
2736,TX,Starr,10,1,26,4,25,14
2737,TX,Stephens,1,0,6,0,7,8
2738,TX,Sterling,1,0,0,0,1,3
2739,TX,Stonewall,2,0,2,0,1,1
2740,TX,Sutton,0,0,6,0,3,5
2741,TX,Swisher,1,0,4,0,4,6
2742,TX,Tarrant,222,39,805,73,1268,1004
2743,TX,Taylor,13,3,85,2,103,84
2744,TX,Terrell,0,0,2,0,1,1
2745,TX,Terry,1,0,6,0,10,8
2746,TX,Throckmorton,1,0,1,0,0,3
2747,TX,Titus,8,1,26,2,18,15
2748,TX,Tom Green,13,3,58,6,74,78
2749,TX,Travis,125,13,452,60,822,798
2750,TX,Trinity,2,0,7,0,6,7
2751,TX,Tyler,4,1,12,0,8,8
2752,TX,Upshur,3,1,17,2,14,16
2753,TX,Upton,1,0,6,0,4,5
2754,TX,Uvalde,2,1,20,1,17,27
2755,TX,Val Verde,3,1,21,6,29,26
2756,TX,Van Zandt,6,1,32,0,23,34
2757,TX,Victoria,8,2,60,4,66,56
2758,TX,Walker,6,1,36,1,28,33
2759,TX,Waller,5,0,24,4,13,11
2760,TX,Ward,2,0,9,0,11,9
2761,TX,Washington,5,1,22,2,29,25
2762,TX,Webb,46,3,98,14,141,121
2763,TX,Wharton,7,2,34,5,28,26
2764,TX,Wheeler,4,0,6,0,5,8
2765,TX,Wichita,13,4,51,7,100,103
2766,TX,Wilbarger,2,1,8,0,14,8
2767,TX,Willacy,1,1,11,3,7,8
2768,TX,Williamson,35,9,154,17,282,219
2769,TX,Wilson,5,0,19,1,15,25
2770,TX,Winkler,2,0,7,0,3,4
2771,TX,Wise,7,1,28,3,32,43
2772,TX,Wood,4,1,22,1,21,34
2773,TX,Yoakum,2,0,4,1,7,9
2774,TX,Young,3,1,12,1,17,14
2775,TX,Zapata,3,0,14,0,6,10
2776,TX,Zavala,3,0,7,0,6,4
2777,UT,Beaver,2,0,12,0,9,9
2778,UT,Box Elder,4,1,15,3,28,17
2779,UT,Cache,14,4,23,6,66,36
2780,UT,Carbon,5,1,11,1,14,12
2781,UT,Daggett,1,0,0,0,0,0
2782,UT,Davis,22,9,63,18,196,102
2783,UT,Duchesne,5,0,11,1,11,10
2784,UT,Emery,6,0,11,1,8,5
2785,UT,Garfield,2,0,9,0,9,9
2786,UT,Grand,3,0,6,1,10,25
2787,UT,Iron,5,1,21,1,35,31
2788,UT,Juab,1,0,7,0,8,5
2789,UT,Kane,2,0,10,0,5,17
2790,UT,Millard,5,0,11,1,13,5
2791,UT,Morgan,1,0,6,2,4,2
2792,UT,Piute,2,0,1,0,0,4
2793,UT,Rich,1,0,3,0,5,2
2794,UT,Salt Lake,139,22,269,54,789,559
2795,UT,San Juan,2,0,11,0,4,11
2796,UT,Sanpete,4,1,13,1,17,5
2797,UT,Sevier,4,1,12,1,13,14
2798,UT,Summit,14,0,14,2,35,88
2799,UT,Tooele,5,1,16,2,24,15
2800,UT,Uintah,2,1,15,1,18,16
2801,UT,Utah,47,12,96,24,320,163
2802,UT,Wasatch,5,0,7,0,13,11
2803,UT,Washington,16,4,43,13,109,84
2804,UT,Wayne,3,0,2,0,6,6
2805,UT,Weber,30,5,72,16,152,112
2806,VT,Addison,18,0,29,2,17,27
2807,VT,Bennington,12,0,36,3,26,61
2808,VT,Caledonia,14,0,31,4,11,29
2809,VT,Chittenden,40,1,91,14,110,157
2810,VT,Essex,3,0,4,0,1,6
2811,VT,Franklin,17,0,45,2,21,38
2812,VT,Grand Isle,3,0,10,0,2,5
2813,VT,Lamoille,9,0,23,3,14,36
2814,VT,Orange,8,0,27,1,8,21
2815,VT,Orleans,18,0,23,2,13,25
2816,VT,Rutland,21,0,64,5,47,84
2817,VT,Washington,25,0,55,12,25,71
2818,VT,Windham,19,0,41,9,40,79
2819,VT,Windsor,27,0,59,6,25,81
2820,VA,Accomack,10,0,32,4,21,37
2821,VA,Albemarle,25,1,49,3,53,61
2822,VA,Alleghany,3,1,11,0,10,8
2823,VA,Amelia,2,0,8,1,6,6
2824,VA,Amherst,5,1,20,0,17,18
2825,VA,Appomattox,3,0,9,0,4,7
2826,VA,Arlington,41,1,76,11,223,213
2827,VA,Augusta,11,0,38,2,23,27
2828,VA,Bath,1,0,6,0,1,4
2829,VA,Bedford,7,1,26,3,18,35
2830,VA,Bland,1,0,7,0,1,0
2831,VA,Botetourt,5,0,27,0,17,19
2832,VA,Brunswick,2,0,18,0,5,7
2833,VA,Buchanan,7,0,17,1,10,4
2834,VA,Buckingham,2,0,16,0,1,6
2835,VA,Campbell,9,1,39,4,24,19
2836,VA,Caroline,5,0,19,3,10,12
2837,VA,Carroll,2,0,27,3,9,10
2838,VA,Charles City,1,0,3,0,0,1
2839,VA,Charlotte,4,0,7,0,3,4
2840,VA,Chesterfield,45,6,127,14,200,194
2841,VA,Clarke,2,0,10,2,9,9
2842,VA,Craig,2,0,2,0,1,1
2843,VA,Culpeper,11,1,18,4,27,28
2844,VA,Cumberland,1,0,10,0,0,5
2845,VA,Dickenson,5,0,11,0,7,5
2846,VA,Dinwiddie,7,0,17,0,5,8
2847,VA,Essex,2,1,8,0,11,10
2848,VA,Fairfax,194,3,269,54,860,702
2849,VA,Fauquier,12,0,34,4,39,48
2850,VA,Floyd,4,0,8,1,7,8
2851,VA,Fluvanna,3,0,10,1,3,11
2852,VA,Franklin,6,1,34,2,28,26
2853,VA,Frederick,9,2,37,4,38,36
2854,VA,Giles,5,1,18,0,14,11
2855,VA,Gloucester,5,1,24,3,22,23
2856,VA,Goochland,2,0,16,0,8,14
2857,VA,Grayson,1,0,5,0,2,8
2858,VA,Greene,3,0,9,0,4,9
2859,VA,Greensville,0,0,13,0,2,0
2860,VA,Halifax,9,1,26,1,24,22
2861,VA,Hanover,16,3,50,5,70,66
2862,VA,Henrico,66,7,136,22,250,234
2863,VA,Henry,14,0,49,2,34,25
2864,VA,Highland,1,0,7,0,0,2
2865,VA,Isle of Wight,6,0,24,5,23,21
2866,VA,James City,10,0,22,2,35,47
2867,VA,King and Queen,0,0,5,0,0,1
2868,VA,King George,2,0,11,0,14,15
2869,VA,King William,2,0,10,1,6,9
2870,VA,Lancaster,6,1,17,1,9,18
2871,VA,Lee,6,1,23,0,6,9
2872,VA,Loudoun,50,4,78,19,219,208
2873,VA,Louisa,4,1,23,2,11,9
2874,VA,Lunenburg,3,0,5,0,4,4
2875,VA,Madison,4,0,7,0,6,3
2876,VA,Mathews,2,0,6,0,5,7
2877,VA,Mecklenburg,6,1,37,3,24,27
2878,VA,Middlesex,3,0,10,1,6,15
2879,VA,Montgomery,18,1,48,5,65,77
2880,VA,Nelson,4,0,16,0,7,7
2881,VA,New Kent,3,0,13,0,11,10
2882,VA,Northampton,4,0,13,5,12,14
2883,VA,Northumberland,3,0,11,1,4,11
2884,VA,Nottoway,4,1,17,0,9,13
2885,VA,Orange,4,0,21,2,17,17
2886,VA,Page,6,1,15,1,15,18
2887,VA,Patrick,6,1,14,1,9,8
2888,VA,Pittsylvania,10,0,41,1,15,18
2889,VA,Powhatan,3,0,14,1,10,14
2890,VA,Prince Edward,5,1,21,1,15,18
2891,VA,Prince George,3,0,15,2,6,7
2892,VA,Prince William,63,5,131,18,259,203
2893,VA,Pulaski,8,2,19,2,30,16
2894,VA,Rappahannock,3,0,4,0,2,4
2895,VA,Richmond,2,0,6,1,5,5
2896,VA,Roanoke,14,0,37,1,46,56
2897,VA,Rockbridge,3,1,20,2,11,15
2898,VA,Rockingham,11,1,31,7,30,29
2899,VA,Russell,5,1,20,0,18,14
2900,VA,Scott,5,0,26,0,12,6
2901,VA,Shenandoah,9,1,30,5,22,27
2902,VA,Smyth,6,0,23,3,23,16
2903,VA,Southampton,3,0,13,1,3,4
2904,VA,Spotsylvania,24,4,54,8,89,73
2905,VA,Stafford,9,1,44,2,72,59
2906,VA,Surry,3,0,5,1,1,2
2907,VA,Sussex,5,0,15,0,5,7
2908,VA,Tazewell,8,3,37,1,33,16
2909,VA,Warren,4,1,25,0,21,33
2910,VA,Washington,13,2,47,0,35,29
2911,VA,Westmoreland,5,0,9,5,5,18
2912,VA,Wise,12,0,38,1,30,19
2913,VA,Wythe,5,1,29,1,28,27
2914,VA,York,11,3,25,1,54,46
2915,VA,Alexandria,31,1,40,6,119,148
2916,VA,Bedford,2,0,11,0,15,9
2917,VA,Bristol,6,0,26,2,31,24
2918,VA,Buena Vista,0,0,3,0,5,5
2919,VA,Charlottesville,18,0,27,3,63,110
2920,VA,Chesapeake,27,6,102,11,194,154
2921,VA,Colonial Heights,2,2,13,1,37,28
2922,VA,Covington,1,0,10,0,11,8
2923,VA,Danville,16,2,42,2,55,54
2924,VA,Emporia,5,1,16,0,10,11
2925,VA,Fairfax,17,1,24,2,67,74
2926,VA,Falls Church,9,0,9,1,37,48
2927,VA,Franklin,3,1,11,0,13,9
2928,VA,Fredericksburg,12,1,20,3,39,76
2929,VA,Galax,4,1,8,0,12,17
2930,VA,Hampton,18,2,78,9,100,76
2931,VA,Harrisonburg,16,2,29,4,49,68
2932,VA,Hopewell,7,0,16,0,23,24
2933,VA,Lexington,5,0,1,2,11,14
2934,VA,Lynchburg,15,2,34,6,76,77
2935,VA,Manassas,16,0,21,7,47,44
2936,VA,Manassas Park,2,0,7,2,5,6
2937,VA,Martinsville,4,1,9,0,22,12
2938,VA,Newport News,34,3,100,12,136,129
2939,VA,Norfolk,42,5,124,23,214,200
2940,VA,Norton,2,1,5,1,12,9
2941,VA,Petersburg,13,1,34,2,27,24
2942,VA,Poquoson,3,0,4,2,9,11
2943,VA,Portsmouth,14,1,57,9,73,56
2944,VA,Radford,2,0,8,0,11,14
2945,VA,Richmond,60,1,131,16,177,225
2946,VA,Roanoke,28,3,61,7,94,122
2947,VA,Salem,7,1,21,1,34,23
2948,VA,Staunton,4,1,19,4,22,37
2949,VA,Suffolk,13,2,38,5,54,43
2950,VA,Virginia Beach,73,6,184,41,402,460
2951,VA,Waynesboro,8,1,16,0,20,26
2952,VA,Williamsburg,3,0,11,3,15,54
2953,VA,Winchester,11,1,18,5,49,51
2954,WA,Adams,6,1,9,0,10,12
2955,WA,Asotin,5,2,4,1,9,15
2956,WA,Benton,17,5,60,14,114,106
2957,WA,Chelan,20,1,30,16,57,80
2958,WA,Clallam,15,1,31,4,45,83
2959,WA,Clark,52,13,130,28,243,248
2960,WA,Columbia,2,0,3,1,1,4
2961,WA,Cowlitz,13,1,50,7,59,69
2962,WA,Douglas,9,3,5,4,15,15
2963,WA,Ferry,4,0,7,0,1,5
2964,WA,Franklin,16,1,28,4,43,30
2965,WA,Garfield,1,0,0,0,0,2
2966,WA,Grant,22,2,42,6,50,47
2967,WA,Grays Harbor,33,0,39,8,42,71
2968,WA,Island,17,0,21,6,37,63
2969,WA,Jefferson,8,0,10,6,21,41
2970,WA,King,479,27,563,195,1678,2091
2971,WA,Kitsap,45,4,74,25,157,174
2972,WA,Kittitas,13,2,24,7,46,49
2973,WA,Klickitat,5,0,12,1,5,14
2974,WA,Lewis,29,1,39,4,52,59
2975,WA,Lincoln,4,0,2,0,6,7
2976,WA,Mason,7,2,29,5,27,37
2977,WA,Okanogan,13,1,33,5,18,37
2978,WA,Pacific,13,0,10,5,18,27
2979,WA,Pend Oreille,6,0,6,0,4,14
2980,WA,Pierce,147,18,242,71,509,512
2981,WA,San Juan,13,0,5,0,17,39
2982,WA,Skagit,28,2,54,25,80,115
2983,WA,Skamania,1,0,9,0,2,9
2984,WA,Snohomish,150,13,224,58,524,487
2985,WA,Spokane,80,11,145,48,337,311
2986,WA,Stevens,9,1,14,2,25,26
2987,WA,Thurston,43,6,90,25,177,171
2988,WA,Wahkiakum,1,0,3,0,2,2
2989,WA,Walla Walla,13,2,16,7,34,40
2990,WA,Whatcom,32,3,89,25,121,196
2991,WA,Whitman,10,0,10,1,30,27
2992,WA,Yakima,56,9,95,26,151,122
2993,WV,Barbour,5,0,6,1,5,9
2994,WV,Berkeley,11,2,40,4,53,48
2995,WV,Boone,7,0,23,0,8,9
2996,WV,Braxton,4,0,12,0,8,17
2997,WV,Brooke,5,0,15,2,19,14
2998,WV,Cabell,19,2,53,7,100,80
2999,WV,Calhoun,1,0,6,0,1,4
3000,WV,Clay,1,0,9,0,1,3
3001,WV,Doddridge,1,0,3,0,0,1
3002,WV,Fayette,14,1,30,1,25,34
3003,WV,Gilmer,2,0,6,0,2,4
3004,WV,Grant,2,0,13,0,4,5
3005,WV,Greenbrier,6,1,33,1,26,26
3006,WV,Hampshire,4,0,11,0,8,11
3007,WV,Hancock,9,0,16,1,25,17
3008,WV,Hardy,4,1,13,0,4,10
3009,WV,Harrison,12,2,39,3,49,52
3010,WV,Jackson,4,1,21,0,21,17
3011,WV,Jefferson,9,1,22,0,32,51
3012,WV,Kanawha,43,3,96,9,184,129
3013,WV,Lewis,5,0,15,1,14,10
3014,WV,Lincoln,8,0,11,0,8,9
3015,WV,Logan,13,1,28,0,25,22
3016,WV,McDowell,8,1,21,0,5,5
3017,WV,Marion,10,1,37,3,50,30
3018,WV,Marshall,6,1,14,0,21,9
3019,WV,Mason,6,1,13,0,10,12
3020,WV,Mercer,13,1,33,2,35,43
3021,WV,Mineral,3,1,12,2,15,22
3022,WV,Mingo,6,0,13,1,12,10
3023,WV,Monongalia,13,4,48,4,87,79
3024,WV,Monroe,2,0,9,0,0,9
3025,WV,Morgan,2,0,9,2,7,13
3026,WV,Nicholas,4,1,23,0,15,19
3027,WV,Ohio,11,1,26,5,41,39
3028,WV,Pendleton,2,0,6,0,2,8
3029,WV,Pleasants,1,0,4,0,6,3
3030,WV,Pocahontas,5,0,8,1,1,10
3031,WV,Preston,5,1,21,0,11,11
3032,WV,Putnam,9,1,32,2,54,17
3033,WV,Raleigh,16,3,57,1,56,48
3034,WV,Randolph,8,1,18,2,14,26
3035,WV,Ritchie,4,0,9,1,5,8
3036,WV,Roane,5,1,9,2,4,4
3037,WV,Summers,3,0,10,0,6,4
3038,WV,Taylor,2,1,5,0,10,6
3039,WV,Tucker,2,0,6,0,5,12
3040,WV,Tyler,4,0,8,1,5,1
3041,WV,Upshur,5,1,12,0,12,19
3042,WV,Wayne,8,1,27,1,20,16
3043,WV,Webster,4,0,7,0,3,5
3044,WV,Wetzel,6,1,12,0,17,13
3045,WV,Wirt,2,0,4,0,2,5
3046,WV,Wood,14,3,46,5,78,61
3047,WV,Wyoming,7,0,21,1,8,12
3048,WI,Adams,1,0,10,0,7,19
3049,WI,Ashland,8,1,13,1,11,27
3050,WI,Barron,8,1,22,7,29,47
3051,WI,Bayfield,5,0,13,2,7,33
3052,WI,Brown,29,3,92,19,153,214
3053,WI,Buffalo,4,0,8,1,2,19
3054,WI,Burnett,6,0,11,1,4,24
3055,WI,Calumet,8,2,16,2,18,29
3056,WI,Chippewa,12,1,33,5,26,44
3057,WI,Clark,8,0,16,4,9,27
3058,WI,Columbia,9,2,30,6,30,62
3059,WI,Crawford,6,1,11,3,6,14
3060,WI,Dane,77,4,158,46,391,375
3061,WI,Dodge,11,1,32,10,34,50
3062,WI,Door,11,0,22,18,14,94
3063,WI,Douglas,8,1,22,2,27,45
3064,WI,Dunn,7,1,16,2,18,29
3065,WI,Eau Claire,14,3,43,7,84,77
3066,WI,Florence,1,0,4,0,1,6
3067,WI,Fond du Lac,14,1,45,11,68,72
3068,WI,Forest,2,0,5,0,3,12
3069,WI,Grant,12,1,33,3,22,42
3070,WI,Green,8,0,16,10,17,35
3071,WI,Green Lake,6,0,11,2,5,24
3072,WI,Iowa,3,1,13,0,10,19
3073,WI,Iron,3,0,7,0,3,17
3074,WI,Jackson,3,1,12,1,11,17
3075,WI,Jefferson,15,2,33,5,46,67
3076,WI,Juneau,7,0,21,2,9,25
3077,WI,Kenosha,26,1,67,13,104,108
3078,WI,Kewaunee,5,0,10,5,5,26
3079,WI,La Crosse,13,3,37,5,85,85
3080,WI,Lafayette,4,0,11,1,6,17
3081,WI,Langlade,5,1,19,1,9,32
3082,WI,Lincoln,6,0,19,2,14,31
3083,WI,Manitowoc,10,1,35,8,35,61
3084,WI,Marathon,28,3,45,12,72,103
3085,WI,Marinette,11,0,38,6,23,53
3086,WI,Marquette,2,0,9,0,4,19
3087,WI,Menominee,0,0,3,0,0,0
3088,WI,Milwaukee,198,3,315,57,580,574
3089,WI,Monroe,6,2,26,6,20,27
3090,WI,Oconto,6,0,24,5,14,39
3091,WI,Oneida,7,1,23,7,27,71
3092,WI,Outagamie,25,2,74,18,112,166
3093,WI,Ozaukee,14,1,25,13,53,79
3094,WI,Pepin,2,0,6,3,4,10
3095,WI,Pierce,6,0,18,2,19,27
3096,WI,Polk,13,1,24,3,21,39
3097,WI,Portage,7,1,19,4,37,68
3098,WI,Price,6,0,13,1,8,19
3099,WI,Racine,39,2,78,16,102,124
3100,WI,Richland,5,1,10,1,6,9
3101,WI,Rock,25,3,60,12,99,123
3102,WI,Rusk,3,1,13,1,9,14
3103,WI,St. Croix,9,1,36,7,51,71
3104,WI,Sauk,16,1,39,11,48,79
3105,WI,Sawyer,4,1,16,1,10,49
3106,WI,Shawano,7,1,30,3,12,47
3107,WI,Sheboygan,21,3,44,10,58,99
3108,WI,Taylor,3,1,12,3,6,12
3109,WI,Trempealeau,6,0,19,3,15,27
3110,WI,Vernon,6,1,16,3,8,20
3111,WI,Vilas,9,0,25,3,12,82
3112,WI,Walworth,18,2,53,9,65,108
3113,WI,Washburn,6,0,13,1,7,32
3114,WI,Washington,15,3,48,11,72,84
3115,WI,Waukesha,51,2,110,35,251,274
3116,WI,Waupaca,9,0,33,3,31,53
3117,WI,Waushara,8,0,15,1,10,24
3118,WI,Winnebago,11,2,55,15,101,110
3119,WI,Wood,9,1,31,5,36,58
3120,WY,Albany,2,1,13,4,29,26
3121,WY,Big Horn,3,0,7,0,5,9
3122,WY,Campbell,5,1,17,5,27,21
3123,WY,Carbon,5,0,16,1,9,19
3124,WY,Converse,3,0,6,0,8,14
3125,WY,Crook,4,0,5,0,3,6
3126,WY,Fremont,9,1,23,4,23,33
3127,WY,Goshen,3,0,2,1,8,9
3128,WY,Hot Springs,2,0,3,1,5,7
3129,WY,Johnson,3,0,6,0,7,11
3130,WY,Laramie,11,2,26,3,74,48
3131,WY,Lincoln,7,0,10,1,11,24
3132,WY,Natrona,10,3,33,3,62,56
3133,WY,Niobrara,1,0,2,0,3,1
3134,WY,Park,4,1,22,3,24,30
3135,WY,Platte,3,0,8,0,8,16
3136,WY,Sheridan,7,1,13,4,13,28
3137,WY,Sublette,3,0,9,1,5,13
3138,WY,Sweetwater,5,1,28,2,27,31
3139,WY,Teton,6,0,12,4,25,55
3140,WY,Uinta,3,1,15,3,15,23
3141,WY,Washakie,3,0,5,0,8,14
3142,WY,Weston,4,0,3,0,4,9
